;FLAVOR:Marlin
;TIME:1436
;Filament used: 1.43242m
;Layer height: 0.2
;MINX:105.701
;MINY:130.701
;MINZ:0.2
;MAXX:196.299
;MAXY:171.299
;MAXZ:2.1
;TARGET_MACHINE.NAME:Anycubic Kobra Plus
;Generated with Cura_SteamEngine 5.10.1
M140 S60
M105
M190 S60
M104 S195
M105
M109 S195
G28 ;Home
G1 Z15.0 F6000 ;Move the platform down 15mm
;Prime the extruder
G92 E0
M355 S1; Turn LED on
; Add Custom purge lines
G1 Z2.0 F3000 ; Move Z Axis up little to prevent scratching of Heat Bed
G1 X1.0 Y30 Z0.3 F5000.0 ; Move to start position
G1 X1.0 Y100.0 Z0.3 F1500.0 E15 ; Draw the first line
G1 X1.3 Y100.0 Z0.3 F5000.0 ; Move to side a little
G1 X1.3 Y30 Z0.3 F1500.0 E30 ; Draw the second line
G92 E0 ; Reset Extruder
G1 E-2 F500 ; Retract a little 
G1 X50 F500 ; wipe away from the filament line
G1 X100 F9000 ; Quickly wipe away from the filament line
G1 Z5.0 F3000 ; Move Z Axis up little to prevent scratching of Heat Bed
; End custom purge lines
M82 ;absolute extrusion mode
G92 E0
G92 E0
G1 F1500 E-6.5
;LAYER_COUNT:10
;LAYER:0
M107
G1 F600 Z0.3
G0 F1800 X108.932 Y132.65 Z0.3
;TYPE:SKIRT
G1 F600 Z0.2
G1 F1500 E0
G1 F1200 X110.997 Y131.312 E0.08184
G1 X113.566 Y130.701 E0.16967
G1 X188.341 Y130.701 E2.65669
G1 X190.537 Y131.18 E2.73145
G1 X192.514 Y132.267 E2.80649
G1 X193.437 Y132.949 E2.84466
G1 X194.925 Y134.73 E2.92185
G1 X195.71 Y136.271 E2.97937
G1 X196.299 Y138.47 E3.05509
G1 X196.296 Y163.277 E3.88017
G1 X195.834 Y165.646 E3.96045
G1 X194.395 Y168.065 E4.05407
G1 X192.935 Y169.382 E4.11946
G1 X191.634 Y170.29 E4.17223
G1 X190.144 Y170.937 E4.22626
G1 X188.269 Y171.299 E4.28977
G1 X113.532 Y171.296 E6.77554
G1 X110.852 Y170.608 E6.86756
G1 X108.285 Y168.894 E6.97023
G1 X106.846 Y166.898 E7.05207
G1 X105.944 Y164.812 E7.12766
G1 X105.701 Y162.549 E7.20336
G1 X105.707 Y138.737 E7.99535
G1 X106.246 Y136.174 E8.08246
G1 X107.626 Y133.956 E8.16934
G1 X108.932 Y132.65 E8.23077
G0 F1800 X109.184 Y132.964
G1 F1200 X111.158 Y131.685 E8.309
G1 X113.613 Y131.101 E8.39294
G1 X188.297 Y131.101 E10.87694
G1 X190.395 Y131.559 E10.94836
G1 X192.276 Y132.589 E11.01969
G1 X193.161 Y133.243 E11.05629
G1 X194.592 Y134.955 E11.1305
G1 X195.334 Y136.413 E11.18491
G1 X195.899 Y138.522 E11.25753
G1 X195.896 Y163.237 E12.07956
G1 X195.455 Y165.501 E12.15627
G1 X194.081 Y167.809 E12.24561
G1 X192.706 Y169.054 E12.3073
G1 X191.438 Y169.939 E12.35873
G1 X190.026 Y170.552 E12.40993
G1 X188.229 Y170.899 E12.4708
G1 X113.581 Y170.896 E14.95361
G1 X111.019 Y170.238 E15.04159
G1 X108.568 Y168.602 E15.1396
G1 X107.195 Y166.697 E15.2177
G1 X106.336 Y164.71 E15.2897
G1 X106.101 Y162.549 E15.362
G1 X106.107 Y138.776 E16.15269
G1 X106.622 Y136.327 E16.23593
G1 X107.941 Y134.207 E16.31897
G1 X109.184 Y132.964 E16.37744
G0 F1800 X109.436 Y133.278
G1 F1200 X111.319 Y132.058 E16.45206
G1 X113.66 Y131.501 E16.5321
G1 X188.253 Y131.501 E19.01307
G1 X190.254 Y131.938 E19.08119
G1 X192.038 Y132.911 E19.14878
G1 X192.887 Y133.538 E19.18389
G1 X194.255 Y135.175 E19.25484
G1 X194.959 Y136.559 E19.30649
G1 X195.499 Y138.574 E19.37587
G1 X195.496 Y163.196 E20.1948
G1 X195.075 Y165.356 E20.268
G1 X193.767 Y167.554 E20.35307
G1 X192.477 Y168.726 E20.41104
G1 X191.242 Y169.588 E20.46113
G1 X189.908 Y170.167 E20.5095
G1 X188.189 Y170.499 E20.56773
G1 X113.63 Y170.496 E23.04757
G1 X111.186 Y169.868 E23.1315
G1 X108.851 Y168.31 E23.22486
G1 X107.544 Y166.496 E23.29922
G1 X106.728 Y164.608 E23.36763
G1 X106.501 Y162.549 E23.43653
G1 X106.507 Y138.815 E24.22593
G1 X106.998 Y136.48 E24.30529
G1 X108.256 Y134.458 E24.38449
G1 X109.436 Y133.278 E24.44
G0 F1800 X109.69 Y133.59
G1 F1200 X111.479 Y132.431 E24.5109
G1 X113.707 Y131.901 E24.58707
G1 X188.209 Y131.901 E27.06501
G1 X190.111 Y132.316 E27.12976
G1 X191.8 Y133.233 E27.19368
G1 X192.613 Y133.833 E27.22729
G1 X193.918 Y135.395 E27.29499
G1 X194.585 Y136.706 E27.34391
G1 X195.099 Y138.625 E27.40999
G1 X195.096 Y163.155 E28.22586
G1 X194.695 Y165.211 E28.29553
G1 X193.452 Y167.299 E28.37635
G1 X192.248 Y168.398 E28.43057
G1 X191.046 Y169.237 E28.47933
G1 X189.79 Y169.782 E28.52486
G1 X188.149 Y170.099 E28.58045
G1 X113.678 Y170.096 E31.05737
G1 X111.353 Y169.499 E31.13721
G1 X109.134 Y168.018 E31.22594
G1 X107.893 Y166.295 E31.29656
G1 X107.12 Y164.506 E31.36138
G1 X106.901 Y162.549 E31.42688
G1 X106.907 Y138.854 E32.21498
G1 X107.374 Y136.633 E32.29046
G1 X108.571 Y134.709 E32.36583
G1 X109.69 Y133.59 E32.41846
G0 F1800 X109.942 Y133.904
G1 F1200 X111.641 Y132.803 E32.4858
G1 X113.753 Y132.301 E32.558
G1 X188.165 Y132.301 E35.03296
G1 X189.969 Y132.695 E35.09437
G1 X191.609 Y133.585 E35.15643
G1 X192.338 Y134.128 E35.18667
G1 X193.583 Y135.618 E35.25125
G1 X194.209 Y136.848 E35.29715
G1 X194.699 Y138.677 E35.36013
G1 X194.696 Y163.115 E36.17294
G1 X194.316 Y165.066 E36.23905
G1 X193.137 Y167.045 E36.31567
G1 X192.019 Y168.07 E36.36612
G1 X190.85 Y168.886 E36.41353
G1 X189.672 Y169.397 E36.45624
G1 X188.109 Y169.699 E36.50919
G1 X113.727 Y169.696 E38.98314
G1 X111.52 Y169.129 E39.05893
G1 X109.415 Y167.724 E39.14311
G1 X108.243 Y166.098 E39.20977
G1 X107.51 Y164.401 E39.27125
G1 X107.301 Y162.549 E39.33324
G1 X107.307 Y138.893 E40.12005
G1 X107.75 Y136.786 E40.19166
G1 X108.886 Y134.96 E40.26318
G1 X109.942 Y133.904 E40.31285
G0 F1800 X110.194 Y134.218
G1 F1200 X111.802 Y133.176 E40.37658
G1 X113.8 Y132.701 E40.44489
G1 X188.121 Y132.701 E42.91682
G1 X189.827 Y133.074 E42.9749
G1 X191.418 Y133.937 E43.0351
G1 X192.062 Y134.421 E43.06189
G1 X193.246 Y135.838 E43.12331
G1 X193.834 Y136.994 E43.16645
G1 X194.299 Y138.729 E43.22619
G1 X194.296 Y163.074 E44.03591
G1 X193.936 Y164.921 E44.0985
G1 X192.822 Y166.791 E44.17089
G1 X191.79 Y167.742 E44.21757
G1 X190.654 Y168.535 E44.26365
G1 X189.554 Y169.012 E44.30352
G1 X188.069 Y169.299 E44.35383
G1 X113.775 Y169.296 E46.82486
G1 X111.687 Y168.76 E46.89656
G1 X109.698 Y167.432 E46.9761
G1 X108.592 Y165.897 E47.03903
G1 X107.9 Y164.296 E47.09704
G1 X107.701 Y162.549 E47.15552
G1 X107.707 Y138.932 E47.94102
G1 X108.126 Y136.939 E48.00876
G1 X109.201 Y135.211 E48.07645
G1 X110.194 Y134.218 E48.12316
G0 F1800 X110.446 Y134.532
G1 F1200 X111.963 Y133.549 E48.18328
G1 X113.847 Y133.101 E48.24769
G1 X188.077 Y133.101 E50.71659
G1 X189.687 Y133.453 E50.7714
G1 X191.178 Y134.257 E50.82774
G1 X191.786 Y134.714 E50.85304
G1 X192.909 Y136.058 E50.91129
G1 X193.46 Y137.141 E50.95171
G1 X193.899 Y138.78 E51.00814
G1 X193.896 Y163.033 E51.8148
G1 X193.556 Y164.776 E51.87387
G1 X192.507 Y166.538 E51.94207
G1 X191.561 Y167.414 E51.98495
G1 X190.458 Y168.184 E52.02969
G1 X189.436 Y168.627 E52.06674
G1 X188.029 Y168.899 E52.1144
G1 X113.824 Y168.896 E54.58247
G1 X111.854 Y168.39 E54.65012
G1 X109.981 Y167.14 E54.72502
G1 X108.941 Y165.696 E54.7842
G1 X108.29 Y164.191 E54.83874
G1 X108.101 Y162.549 E54.89372
G1 X108.107 Y138.971 E55.67792
G1 X108.502 Y137.092 E55.74179
G1 X109.516 Y135.462 E55.80563
G1 X110.446 Y134.532 E55.84938
G0 F1800 X110.698 Y134.846
G1 F1200 X112.124 Y133.922 E55.90589
G1 X113.894 Y133.501 E55.96641
G1 X188.033 Y133.501 E58.43228
G1 X189.547 Y133.832 E58.48383
G1 X190.988 Y134.609 E58.53828
G1 X191.509 Y135.005 E58.56004
G1 X192.574 Y136.281 E58.61532
G1 X193.084 Y137.283 E58.65272
G1 X193.499 Y138.832 E58.70605
G1 X193.496 Y162.993 E59.50965
G1 X193.177 Y164.631 E59.56516
G1 X192.193 Y166.283 E59.62911
G1 X191.289 Y167.12 E59.67009
G1 X190.261 Y167.834 E59.71172
G1 X189.318 Y168.242 E59.74589
G1 X187.989 Y168.499 E59.79091
G1 X113.873 Y168.496 E62.25602
G1 X112.021 Y168.02 E62.31962
G1 X110.262 Y166.846 E62.38996
G1 X109.291 Y165.499 E62.44519
G1 X108.68 Y164.086 E62.49639
G1 X108.501 Y162.549 E62.54785
G1 X108.507 Y139.01 E63.33076
G1 X108.878 Y137.245 E63.39075
G1 X109.831 Y135.713 E63.45076
G1 X110.698 Y134.846 E63.49154
G0 F1800 X110.95 Y135.16
G1 F1200 X112.285 Y134.295 E63.54445
G1 X113.941 Y133.901 E63.60107
G1 X187.989 Y133.901 E66.06391
G1 X189.406 Y134.211 E66.11216
G1 X190.746 Y134.928 E66.1627
G1 X191.233 Y135.298 E66.18305
G1 X192.237 Y136.501 E66.23516
G1 X192.709 Y137.429 E66.26979
G1 X193.099 Y138.884 E66.31989
G1 X193.096 Y162.952 E67.1204
G1 X192.797 Y164.486 E67.17238
G1 X191.879 Y166.028 E67.23207
G1 X191.017 Y166.826 E67.27114
G1 X190.067 Y167.482 E67.30953
G1 X189.201 Y167.857 E67.34092
G1 X187.949 Y168.099 E67.38333
G1 X113.921 Y168.096 E69.84552
G1 X112.188 Y167.651 E69.90503
G1 X110.545 Y166.554 E69.97073
G1 X109.64 Y165.298 E70.02222
G1 X109.07 Y163.981 E70.06995
G1 X108.901 Y162.549 E70.11791
G1 X108.907 Y139.049 E70.89953
G1 X109.254 Y137.398 E70.95564
G1 X110.146 Y135.964 E71.01181
G1 X110.95 Y135.16 E71.04962
G0 F1800 X111.202 Y135.474
G1 F1200 X112.447 Y134.667 E71.09897
G1 X113.987 Y134.301 E71.15162
G1 X187.945 Y134.301 E73.61147
G1 X189.267 Y134.59 E73.65648
G1 X190.504 Y135.247 E73.70307
G1 X190.957 Y135.591 E73.72199
G1 X191.9 Y136.721 E73.77094
G1 X192.335 Y137.576 E73.80284
G1 X192.699 Y138.935 E73.84964
G1 X192.696 Y162.911 E74.64708
G1 X192.417 Y164.341 E74.69554
G1 X191.565 Y165.773 E74.75096
G1 X190.745 Y166.532 E74.78813
G1 X189.872 Y167.131 E74.82334
G1 X189.084 Y167.472 E74.8519
G1 X187.909 Y167.699 E74.8917
G1 X113.97 Y167.696 E77.35092
G1 X112.355 Y167.281 E77.40638
G1 X110.828 Y166.262 E77.46744
G1 X109.989 Y165.097 E77.51519
G1 X109.46 Y163.876 E77.55945
G1 X109.301 Y162.549 E77.6039
G1 X109.307 Y139.088 E78.38422
G1 X109.63 Y137.551 E78.43645
G1 X110.461 Y136.215 E78.48878
G1 X111.202 Y135.474 E78.52364
G0 F1800 X111.454 Y135.788
G1 F1200 X112.608 Y135.04 E78.56938
G1 X114.034 Y134.701 E78.61813
G1 X187.901 Y134.701 E81.07496
G1 X189.129 Y134.969 E81.11676
G1 X190.262 Y135.566 E81.15936
G1 X190.681 Y135.884 E81.17685
G1 X191.565 Y136.944 E81.22276
G1 X191.959 Y137.718 E81.25164
G1 X192.299 Y138.987 E81.29534
G1 X192.296 Y162.871 E82.08972
G1 X192.038 Y164.196 E82.13462
G1 X191.251 Y165.518 E82.18579
G1 X190.473 Y166.238 E82.22105
G1 X189.676 Y166.78 E82.25311
G1 X188.967 Y167.087 E82.27881
G1 X187.869 Y167.299 E82.316
G1 X114.018 Y167.296 E84.77229
G1 X112.522 Y166.912 E84.82366
G1 X111.109 Y165.968 E84.88018
G1 X110.339 Y164.9 E84.92397
G1 X109.85 Y163.77 E84.96493
G1 X109.701 Y162.549 E85.00584
G1 X109.707 Y139.127 E85.78486
G1 X110.006 Y137.704 E85.83322
G1 X110.776 Y136.466 E85.88171
G1 X111.454 Y135.788 E85.9136
G0 F1800 X111.706 Y136.102
G1 F1200 X112.769 Y135.413 E85.95574
G1 X114.081 Y135.101 E86.00059
G1 X187.857 Y135.101 E88.45439
G1 X188.99 Y135.348 E88.49296
G1 X190.075 Y135.92 E88.53375
G1 X190.374 Y136.14 E88.5461
G1 X191.228 Y137.164 E88.59045
G1 X191.584 Y137.864 E88.61657
G1 X191.899 Y139.039 E88.65703
G1 X191.896 Y162.83 E89.44832
G1 X191.658 Y164.051 E89.4897
G1 X190.935 Y165.266 E89.53672
G1 X190.248 Y165.907 E89.56797
G1 X189.481 Y166.429 E89.59883
G1 X188.85 Y166.702 E89.6217
G1 X187.829 Y166.899 E89.65628
G1 X114.067 Y166.896 E92.10962
G1 X112.689 Y166.542 E92.15694
G1 X111.392 Y165.676 E92.20881
G1 X110.688 Y164.699 E92.24886
G1 X110.24 Y163.664 E92.28637
G1 X110.101 Y162.549 E92.32374
G1 X110.107 Y139.166 E93.10146
G1 X110.382 Y137.857 E93.14595
G1 X111.091 Y136.717 E93.1906
G1 X111.706 Y136.102 E93.21953
G0 F1800 X111.958 Y136.416
G1 F1200 X112.93 Y135.786 E93.25806
G1 X114.128 Y135.501 E93.29901
G1 X187.813 Y135.501 E95.74979
G1 X188.851 Y135.727 E95.78512
G1 X189.888 Y136.274 E95.82411
G1 X190.1 Y136.435 E95.83297
G1 X190.891 Y137.384 E95.87406
G1 X191.21 Y138.011 E95.89746
G1 X191.499 Y139.09 E95.93461
G1 X191.496 Y162.789 E96.72284
G1 X191.278 Y163.906 E96.76069
G1 X190.62 Y165.012 E96.8035
G1 X190.023 Y165.576 E96.83081
G1 X189.286 Y166.078 E96.86047
G1 X188.733 Y166.317 E96.88051
G1 X187.789 Y166.499 E96.91249
G1 X114.115 Y166.496 E99.36289
G1 X112.856 Y166.173 E99.40612
G1 X111.675 Y165.384 E99.45336
G1 X111.037 Y164.498 E99.48968
G1 X110.63 Y163.559 E99.52372
G1 X110.501 Y162.549 E99.55758
G1 X110.507 Y139.205 E100.33401
G1 X110.758 Y138.01 E100.37462
G1 X111.406 Y136.968 E100.41543
G1 X111.958 Y136.416 E100.4414
G0 F1800 X112.21 Y136.73
G1 F1200 X113.091 Y136.159 E100.47631
G1 X114.175 Y135.901 E100.51338
G1 X187.769 Y135.901 E102.96112
G1 X188.713 Y136.107 E102.99326
G1 X189.702 Y136.628 E103.03044
G1 X189.822 Y136.726 E103.03559
G1 X190.556 Y137.607 E103.07373
G1 X190.834 Y138.153 E103.09411
G1 X191.099 Y139.142 E103.12816
G1 X191.096 Y162.749 E103.91333
G1 X190.899 Y163.761 E103.94763
G1 X190.304 Y164.76 E103.9863
G1 X189.798 Y165.245 E104.00961
G1 X189.061 Y165.747 E104.03927
G1 X188.618 Y165.931 E104.05523
G1 X187.749 Y166.099 E104.08466
G1 X114.163 Y166.096 E106.53214
G1 X113.023 Y165.804 E106.57128
G1 X111.958 Y165.092 E106.61389
G1 X111.386 Y164.297 E106.64647
G1 X111.02 Y163.453 E106.67707
G1 X110.901 Y162.549 E106.70739
G1 X110.907 Y139.244 E107.48252
G1 X111.134 Y138.163 E107.51926
G1 X111.721 Y137.219 E107.55623
G1 X112.21 Y136.73 E107.57923
G0 F1800 X112.462 Y137.044
G1 F1200 X113.253 Y136.531 E107.61059
G1 X114.221 Y136.301 E107.64368
G1 X187.725 Y136.301 E110.08843
G1 X188.574 Y136.486 E110.11733
G1 X189.515 Y136.982 E110.15271
G1 X190.219 Y137.826 E110.18927
G1 X190.459 Y138.299 E110.20691
G1 X190.699 Y139.194 E110.23773
G1 X190.696 Y162.708 E111.01981
G1 X190.519 Y163.616 E111.05058
G1 X189.987 Y164.509 E111.08515
G1 X189.573 Y164.914 E111.10441
G1 X188.836 Y165.416 E111.13407
G1 X188.542 Y165.538 E111.14466
G1 X187.709 Y165.699 E111.17288
G1 X114.211 Y165.696 E113.61743
G1 X113.188 Y165.434 E113.65255
G1 X112.243 Y164.802 E113.69037
G1 X111.735 Y164.096 E113.71929
G1 X111.409 Y163.344 E113.74656
G1 X111.301 Y162.549 E113.77324
G1 X111.307 Y139.283 E114.54707
G1 X111.51 Y138.316 E114.57993
G1 X112.036 Y137.47 E114.61307
G1 X112.462 Y137.044 E114.6331
G0 F1800 X112.714 Y137.358
G1 F1200 X113.414 Y136.904 E114.66085
G1 X114.268 Y136.701 E114.69005
G1 X187.681 Y136.701 E117.13178
G1 X188.435 Y136.865 E117.15744
G1 X189.26 Y137.3 E117.18846
G1 X189.885 Y138.049 E117.22091
G1 X190.073 Y138.403 E117.23424
G1 X190.299 Y139.246 E117.26327
G1 X190.296 Y162.667 E118.04225
G1 X190.139 Y163.471 E118.0695
G1 X189.669 Y164.26 E118.10004
G1 X189.293 Y164.628 E118.11754
G1 X188.613 Y165.084 E118.14477
G1 X188.466 Y165.145 E118.15007
G1 X187.669 Y165.299 E118.17707
G1 X114.259 Y165.296 E120.61869
G1 X113.353 Y165.064 E120.6498
G1 X112.528 Y164.512 E120.68281
G1 X112.084 Y163.895 E120.7081
G1 X111.798 Y163.235 E120.73202
G1 X111.701 Y162.549 E120.75506
G1 X111.707 Y139.322 E121.5276
G1 X111.886 Y138.469 E121.55659
G1 X112.351 Y137.721 E121.58588
G1 X112.714 Y137.358 E121.60296
G0 F1800 X112.932 Y137.694
G1 F1200 X113.576 Y137.276 E121.62849
G1 X114.314 Y137.101 E121.65372
G1 X187.637 Y137.101 E124.09245
G1 X188.296 Y137.244 E124.11488
G1 X189.005 Y137.618 E124.14154
G1 X189.538 Y138.248 E124.16899
G1 X189.687 Y138.507 E124.17893
G1 X189.899 Y139.298 E124.20616
G1 X189.896 Y162.626 E124.98206
G1 X189.759 Y163.326 E125.00578
G1 X189.351 Y164.011 E125.0323
G1 X189.07 Y164.296 E125.04561
G1 X188.39 Y164.752 E125.07284
G1 X187.629 Y164.899 E125.09862
G1 X114.311 Y164.896 E127.53719
G1 X113.517 Y164.693 E127.56444
G1 X112.81 Y164.219 E127.59275
G1 X112.434 Y163.698 E127.61412
G1 X112.187 Y163.127 E127.63482
G1 X112.101 Y162.549 E127.65425
G1 X112.107 Y139.361 E128.42549
G1 X112.262 Y138.622 E128.4506
G1 X112.668 Y137.969 E128.47618
G1 X112.932 Y137.694 E128.48886
G0 F1800 X113.15 Y138.029
G1 F1200 X113.735 Y137.649 E128.51206
G1 X114.36 Y137.501 E128.53342
G1 X187.594 Y137.501 E130.96919
G1 X188.157 Y137.623 E130.98835
G1 X188.752 Y137.937 E131.01073
G1 X189.233 Y138.506 E131.03551
G1 X189.314 Y138.66 E131.0413
G1 X189.499 Y139.35 E131.06506
G1 X189.496 Y162.585 E131.83786
G1 X189.379 Y163.181 E131.85806
G1 X189.007 Y163.806 E131.88225
G1 X188.796 Y164.004 E131.89187
G1 X188.235 Y164.374 E131.91423
G1 X187.589 Y164.499 E131.93611
G1 X114.363 Y164.496 E134.37162
G1 X113.681 Y164.322 E134.39503
G1 X113.094 Y163.928 E134.41854
G1 X112.801 Y163.539 E134.43474
G1 X112.575 Y163.016 E134.45369
G1 X112.501 Y162.549 E134.46941
G1 X112.507 Y139.4 E135.23935
G1 X112.638 Y138.775 E135.26059
G1 X112.967 Y138.235 E135.28162
G1 X113.15 Y138.029 E135.29079
G1 F1500 E128.79079
G1 F600 Z0.3
G0 F1800 X113.641 Y138.665 Z0.3
G1 F600 Z0.2
G1 F1500 E135.29079
G1 F1200 X114.012 Y138.405 E135.30586
G1 X114.36 Y138.301 E135.31794
G1 X187.551 Y138.301 E137.75228
G1 X187.979 Y138.403 E137.76691
G1 X188.285 Y138.594 E137.77891
G1 X188.566 Y138.955 E137.79413
G1 X188.699 Y139.453 E137.81127
G1 X188.696 Y162.585 E138.58064
G1 X188.612 Y162.942 E138.59284
G1 X188.356 Y163.336 E138.60847
G1 X187.927 Y163.619 E138.62556
G1 X187.549 Y163.699 E138.63841
G1 X114.415 Y163.696 E141.07086
G1 X114.058 Y163.612 E141.08306
G1 X113.677 Y163.373 E141.09802
G1 X113.521 Y163.191 E141.10599
G1 X113.362 Y162.876 E141.11773
G1 X113.301 Y162.549 E141.12879
G1 X113.307 Y139.4 E141.89873
G1 X113.403 Y139.021 E141.91173
G1 X113.641 Y138.665 E141.92598
G0 F1800 X113.308 Y138.443
G1 F1200 X113.411 Y138.337 E141.93089
G1 X113.897 Y138.022 E141.95015
G1 X114.36 Y137.901 E141.96607
G1 X187.551 Y137.901 E144.40041
G1 X188.072 Y138.014 E144.41815
G1 X188.497 Y138.255 E144.4344
G1 X188.928 Y138.764 E144.45658
G1 X189.099 Y139.402 E144.47855
G1 X189.096 Y162.585 E145.24962
G1 X189.001 Y163.034 E145.26488
G1 X188.691 Y163.554 E145.28502
G1 X188.576 Y163.67 E145.29045
G1 X188.082 Y163.996 E145.31014
G1 X187.549 Y164.099 E145.32819
G1 X114.415 Y164.096 E147.76064
G1 X113.845 Y163.951 E147.7802
G1 X113.373 Y163.633 E147.79913
G1 X113.164 Y163.371 E147.81028
G1 X112.969 Y162.949 E147.82574
G1 X112.901 Y162.549 E147.83923
G1 X112.907 Y139.4 E148.60917
G1 X113.015 Y138.923 E148.62544
G1 X113.308 Y138.443 E148.64414
G1 F1500 E142.14414
G1 F600 Z0.3
;MESH:Slide-Body.stl
G0 F1800 X187.5 Y162.467 Z0.3
;TYPE:WALL-INNER
G1 F600 Z0.2
G1 F1500 E148.64414
G1 F1200 X187.497 Y139.5 E149.40803
G1 X114.5 Y139.5 E151.83592
G1 X114.506 Y162.5 E152.6009
G1 X187.463 Y162.496 E155.02746
G1 X187.5 Y162.467 E155.02903
G0 F1800 X187.79 Y162.753
G1 F1200 X187.9 Y162.483 E155.03872
G1 X187.896 Y139.527 E155.80224
G1 X187.849 Y139.332 E155.80891
G1 X187.679 Y139.153 E155.81712
G1 X187.472 Y139.1 E155.82423
G1 X114.458 Y139.1 E158.25269
G1 X114.351 Y139.136 E158.25644
G1 X114.153 Y139.316 E158.26534
G1 X114.1 Y139.527 E158.27258
G1 X114.101 Y162.586 E159.03952
G1 X114.214 Y162.772 E159.04676
G1 X114.514 Y162.9 E159.05761
G1 X187.48 Y162.896 E161.48447
G1 X187.635 Y162.863 E161.48974
G1 X187.79 Y162.753 E161.49606
G0 F1800 X187.798 Y163.237
;TYPE:WALL-OUTER
G1 F1200 X188.09 Y163.032 E161.50793
G1 X188.25 Y162.762 E161.51837
G1 X188.3 Y162.523 E161.52649
G1 X188.296 Y139.48 E162.2929
G1 X188.219 Y139.159 E162.30388
G1 X188.031 Y138.907 E162.31434
G1 X187.845 Y138.782 E162.32179
G1 X187.522 Y138.7 E162.33287
G1 X114.393 Y138.7 E164.76515
G1 X114.165 Y138.776 E164.77315
G1 X113.907 Y138.965 E164.78379
G1 X113.782 Y139.151 E164.79124
G1 X113.7 Y139.477 E164.80242
G1 X113.701 Y162.528 E165.5691
G1 X113.747 Y162.767 E165.57719
G1 X113.954 Y163.084 E165.58979
G1 X114.238 Y163.25 E165.60073
G1 X114.473 Y163.3 E165.60872
G1 X187.522 Y163.296 E168.03834
G1 X187.798 Y163.237 E168.04773
G0 F1800 X187.961 Y163.123
G1 F1500 E161.54773
G1 F600 Z0.3
G0 F1800 X187.116 Y162.116 Z0.3
;TYPE:SKIN
G1 F600 Z0.2
G1 F1500 E168.04773
G1 F1200 X114.88 Y162.12 E170.4503
G1 X114.88 Y139.88 E171.19001
G1 X187.116 Y139.88 E173.59259
G1 X187.116 Y162.116 E174.33216
G1 F1500 E167.83216
G1 F600 Z0.3
G0 F1800 X186.916 Y140.53 Z0.3
G1 F600 Z0.2
G1 F1500 E174.33216
G1 F1200 X186.466 Y140.08 E174.35333
G0 F1800 X185.9 Y140.08
G1 F1200 X186.916 Y141.095 E174.40109
G0 F1800 X186.916 Y141.661
G1 F1200 X185.335 Y140.08 E174.47546
G0 F1800 X184.769 Y140.08
G1 F1200 X186.916 Y142.227 E174.57645
G0 F1800 X186.916 Y142.792
G1 F1200 X184.203 Y140.08 E174.70404
G0 F1800 X183.638 Y140.08
G1 F1200 X186.916 Y143.358 E174.85822
G0 F1800 X186.916 Y143.924
G1 F1200 X183.072 Y140.08 E175.03903
G0 F1800 X182.506 Y140.08
G1 F1200 X186.916 Y144.489 E175.24644
G0 F1800 X186.916 Y145.055
G1 F1200 X181.941 Y140.08 E175.48045
G0 F1800 X181.375 Y140.08
G1 F1200 X186.916 Y145.621 E175.74108
G0 F1800 X186.916 Y146.187
G1 F1200 X180.809 Y140.08 E176.02834
G0 F1800 X180.244 Y140.08
G1 F1200 X186.916 Y146.752 E176.34217
G0 F1800 X186.916 Y147.318
G1 F1200 X179.678 Y140.08 E176.68262
G0 F1800 X179.112 Y140.08
G1 F1200 X186.916 Y147.884 E177.0497
G0 F1800 X186.916 Y148.449
G1 F1200 X178.547 Y140.08 E177.44335
G0 F1800 X177.981 Y140.08
G1 F1200 X186.916 Y149.015 E177.86362
G0 F1800 X186.916 Y149.581
G1 F1200 X177.415 Y140.08 E178.31052
G0 F1800 X176.85 Y140.08
G1 F1200 X186.916 Y150.146 E178.784
G0 F1800 X186.916 Y150.712
G1 F1200 X176.284 Y140.08 E179.28409
G0 F1800 X175.718 Y140.08
G1 F1200 X186.916 Y151.278 E179.81081
G0 F1800 X186.916 Y151.843
G1 F1200 X175.152 Y140.08 E180.36413
G0 F1800 X174.587 Y140.08
G1 F1200 X186.916 Y152.409 E180.94405
G0 F1800 X186.916 Y152.975
G1 F1200 X174.021 Y140.08 E181.55059
G0 F1800 X173.455 Y140.08
G1 F1200 X186.916 Y153.54 E182.18373
G0 F1800 X186.916 Y154.106
G1 F1200 X172.89 Y140.08 E182.84347
G0 F1800 X172.324 Y140.08
G1 F1200 X186.916 Y154.672 E183.52983
G0 F1800 X186.916 Y155.238
G1 F1200 X171.758 Y140.08 E184.24282
G0 F1800 X171.193 Y140.08
G1 F1200 X186.916 Y155.803 E184.98238
G0 F1800 X186.916 Y156.369
G1 F1200 X170.627 Y140.08 E185.74857
G0 F1800 X170.061 Y140.08
G1 F1200 X186.916 Y156.935 E186.54137
G0 F1800 X186.916 Y157.5
G1 F1200 X169.496 Y140.08 E187.36076
G0 F1800 X168.93 Y140.08
G1 F1200 X186.916 Y158.066 E188.20676
G0 F1800 X186.916 Y158.632
G1 F1200 X168.364 Y140.08 E189.07939
G0 F1800 X167.799 Y140.08
G1 F1200 X186.916 Y159.197 E189.9786
G0 F1800 X186.916 Y159.763
G1 F1200 X167.233 Y140.08 E190.90443
G0 F1800 X166.667 Y140.08
G1 F1200 X186.916 Y160.329 E191.85688
G0 F1800 X186.916 Y160.894
G1 F1200 X166.102 Y140.08 E192.8359
G0 F1800 X165.536 Y140.08
G1 F1200 X186.916 Y161.46 E193.84155
G0 F1800 X186.806 Y161.915
G1 F1200 X164.97 Y140.08 E194.86863
G0 F1800 X164.404 Y140.08
G1 F1200 X186.24 Y161.915 E195.8957
G0 F1800 X185.674 Y161.915
G1 F1200 X163.839 Y140.08 E196.92275
G0 F1800 X163.273 Y140.08
G1 F1200 X185.109 Y161.915 E197.94983
G0 F1800 X184.543 Y161.915
G1 F1200 X162.707 Y140.08 E198.9769
G0 F1800 X162.142 Y140.08
G1 F1200 X183.977 Y161.915 E200.00396
G0 F1800 X183.411 Y161.915
G1 F1200 X161.576 Y140.08 E201.03101
G0 F1800 X161.01 Y140.08
G1 F1200 X182.846 Y161.915 E202.05808
G0 F1800 X182.28 Y161.915
G1 F1200 X160.445 Y140.08 E203.08513
G0 F1800 X159.879 Y140.08
G1 F1200 X181.714 Y161.915 E204.11219
G0 F1800 X181.149 Y161.915
G1 F1200 X159.313 Y140.08 E205.13926
G0 F1800 X158.748 Y140.08
G1 F1200 X180.583 Y161.915 E206.16631
G0 F1800 X180.017 Y161.915
G1 F1200 X158.182 Y140.08 E207.19336
G0 F1800 X157.616 Y140.08
G1 F1200 X179.452 Y161.915 E208.22044
G0 F1800 X178.886 Y161.915
G1 F1200 X157.051 Y140.08 E209.24749
G0 F1800 X156.485 Y140.08
G1 F1200 X178.32 Y161.915 E210.27454
G0 F1800 X177.755 Y161.915
G1 F1200 X155.919 Y140.08 E211.30162
G0 F1800 X155.353 Y140.08
G1 F1200 X177.189 Y161.915 E212.32869
G0 F1800 X176.624 Y161.916
G1 F1200 X154.788 Y140.08 E213.35579
G0 F1800 X154.222 Y140.08
G1 F1200 X176.058 Y161.916 E214.38289
G0 F1800 X175.493 Y161.916
G1 F1200 X153.656 Y140.08 E215.41001
G0 F1800 X153.091 Y140.08
G1 F1200 X174.927 Y161.916 E216.43711
G0 F1800 X174.361 Y161.916
G1 F1200 X152.525 Y140.08 E217.46421
G0 F1800 X151.959 Y140.08
G1 F1200 X173.796 Y161.916 E218.49133
G0 F1800 X173.23 Y161.916
G1 F1200 X151.394 Y140.08 E219.51843
G0 F1800 X150.828 Y140.08
G1 F1200 X172.664 Y161.916 E220.54553
G0 F1800 X172.098 Y161.916
G1 F1200 X150.262 Y140.08 E221.57262
G0 F1800 X149.697 Y140.08
G1 F1200 X171.533 Y161.916 E222.59972
G0 F1800 X170.967 Y161.916
G1 F1200 X149.131 Y140.08 E223.62682
G0 F1800 X148.565 Y140.08
G1 F1200 X170.401 Y161.916 E224.65392
G0 F1800 X169.836 Y161.916
G1 F1200 X148 Y140.08 E225.68102
G0 F1800 X147.434 Y140.08
G1 F1200 X169.27 Y161.916 E226.70812
G0 F1800 X168.704 Y161.916
G1 F1200 X146.868 Y140.08 E227.73522
G0 F1800 X146.303 Y140.08
G1 F1200 X168.139 Y161.916 E228.76231
G0 F1800 X167.573 Y161.916
G1 F1200 X145.737 Y140.08 E229.78941
G0 F1800 X145.171 Y140.08
G1 F1200 X167.007 Y161.916 E230.81651
G0 F1800 X166.442 Y161.916
G1 F1200 X144.605 Y140.08 E231.84363
G0 F1800 X144.04 Y140.08
G1 F1200 X165.877 Y161.917 E232.87078
G0 F1800 X165.311 Y161.917
G1 F1200 X143.474 Y140.08 E233.89792
G0 F1800 X142.908 Y140.08
G1 F1200 X164.745 Y161.917 E234.92507
G0 F1800 X164.18 Y161.917
G1 F1200 X142.343 Y140.08 E235.95222
G0 F1800 X141.777 Y140.08
G1 F1200 X163.614 Y161.917 E236.97936
G0 F1800 X163.048 Y161.917
G1 F1200 X141.211 Y140.08 E238.00651
G0 F1800 X140.646 Y140.08
G1 F1200 X162.483 Y161.917 E239.03365
G0 F1800 X161.917 Y161.917
G1 F1200 X140.08 Y140.08 E240.0608
G0 F1800 X139.514 Y140.08
G1 F1200 X161.351 Y161.917 E241.08794
G0 F1800 X160.785 Y161.917
G1 F1200 X138.949 Y140.08 E242.11506
G0 F1800 X138.383 Y140.08
G1 F1200 X160.22 Y161.917 E243.14221
G0 F1800 X159.654 Y161.917
G1 F1200 X137.817 Y140.08 E244.16936
G0 F1800 X137.252 Y140.08
G1 F1200 X159.088 Y161.917 E245.19648
G0 F1800 X158.523 Y161.917
G1 F1200 X136.686 Y140.08 E246.22362
G0 F1800 X136.12 Y140.08
G1 F1200 X157.957 Y161.917 E247.25077
G0 F1800 X157.391 Y161.917
G1 F1200 X135.554 Y140.08 E248.27791
G0 F1800 X134.989 Y140.08
G1 F1200 X156.826 Y161.917 E249.30506
G0 F1800 X156.26 Y161.917
G1 F1200 X134.423 Y140.08 E250.33221
G0 F1800 X133.857 Y140.08
G1 F1200 X155.695 Y161.918 E251.3594
G0 F1800 X155.129 Y161.918
G1 F1200 X133.292 Y140.08 E252.38657
G0 F1800 X132.726 Y140.08
G1 F1200 X154.564 Y161.918 E253.41376
G0 F1800 X153.998 Y161.918
G1 F1200 X132.16 Y140.08 E254.44095
G0 F1800 X131.595 Y140.08
G1 F1200 X153.432 Y161.918 E255.46812
G0 F1800 X152.867 Y161.918
G1 F1200 X131.029 Y140.08 E256.49531
G0 F1800 X130.463 Y140.08
G1 F1200 X152.301 Y161.918 E257.52251
G0 F1800 X151.735 Y161.918
G1 F1200 X129.898 Y140.08 E258.54968
G0 F1800 X129.332 Y140.08
G1 F1200 X151.17 Y161.918 E259.57687
G0 F1800 X150.604 Y161.918
G1 F1200 X128.766 Y140.08 E260.60406
G0 F1800 X128.201 Y140.08
G1 F1200 X150.038 Y161.918 E261.63123
G0 F1800 X149.472 Y161.918
G1 F1200 X127.635 Y140.08 E262.6584
G0 F1800 X127.069 Y140.08
G1 F1200 X148.907 Y161.918 E263.68559
G0 F1800 X148.341 Y161.918
G1 F1200 X126.504 Y140.08 E264.71276
G0 F1800 X125.938 Y140.08
G1 F1200 X147.775 Y161.918 E265.73993
G0 F1800 X147.21 Y161.918
G1 F1200 X125.372 Y140.08 E266.76712
G0 F1800 X124.806 Y140.08
G1 F1200 X146.644 Y161.918 E267.79431
G0 F1800 X146.078 Y161.918
G1 F1200 X124.241 Y140.08 E268.82148
G0 F1800 X123.675 Y140.08
G1 F1200 X145.513 Y161.918 E269.84868
G0 F1800 X144.948 Y161.918
G1 F1200 X123.109 Y140.08 E270.87589
G0 F1800 X122.544 Y140.08
G1 F1200 X144.382 Y161.918 E271.90308
G0 F1800 X143.816 Y161.918
G1 F1200 X121.978 Y140.08 E272.93028
G0 F1800 X121.412 Y140.08
G1 F1200 X143.251 Y161.918 E273.95749
G0 F1800 X142.685 Y161.918
G1 F1200 X120.847 Y140.08 E274.98469
G0 F1800 X120.281 Y140.08
G1 F1200 X142.119 Y161.918 E276.01188
G0 F1800 X141.554 Y161.918
G1 F1200 X119.715 Y140.08 E277.03909
G0 F1800 X119.15 Y140.08
G1 F1200 X140.988 Y161.918 E278.06629
G0 F1800 X140.422 Y161.918
G1 F1200 X118.584 Y140.08 E279.09348
G0 F1800 X118.018 Y140.08
G1 F1200 X139.857 Y161.918 E280.1207
G0 F1800 X139.291 Y161.918
G1 F1200 X117.453 Y140.08 E281.14789
G0 F1800 X116.887 Y140.08
G1 F1200 X138.725 Y161.918 E282.17508
G0 F1800 X138.159 Y161.918
G1 F1200 X116.321 Y140.08 E283.20227
G0 F1800 X115.756 Y140.08
G1 F1200 X137.594 Y161.918 E284.22947
G0 F1800 X137.028 Y161.918
G1 F1200 X115.19 Y140.08 E285.25666
G0 F1800 X115.08 Y140.535
G1 F1200 X136.462 Y161.918 E286.26243
G0 F1800 X135.897 Y161.918
G1 F1200 X115.08 Y141.101 E287.24159
G0 F1800 X115.08 Y141.667
G1 F1200 X135.332 Y161.919 E288.19419
G0 F1800 X134.766 Y161.919
G1 F1200 X115.08 Y142.232 E289.12018
G0 F1800 X115.08 Y142.798
G1 F1200 X134.2 Y161.919 E290.01955
G0 F1800 X133.635 Y161.919
G1 F1200 X115.08 Y143.364 E290.89232
G0 F1800 X115.08 Y143.929
G1 F1200 X133.069 Y161.919 E291.73849
G0 F1800 X132.503 Y161.919
G1 F1200 X115.08 Y144.495 E292.55804
G0 F1800 X115.08 Y145.061
G1 F1200 X131.938 Y161.919 E293.35099
G0 F1800 X131.372 Y161.919
G1 F1200 X115.08 Y145.627 E294.11731
G0 F1800 X115.08 Y146.192
G1 F1200 X130.806 Y161.919 E294.85704
G0 F1800 X130.241 Y161.919
G1 F1200 X115.08 Y146.758 E295.57016
G0 F1800 X115.08 Y147.324
G1 F1200 X129.675 Y161.919 E296.25667
G0 F1800 X129.109 Y161.919
G1 F1200 X115.08 Y147.889 E296.91657
G0 F1800 X115.08 Y148.455
G1 F1200 X128.544 Y161.919 E297.54988
G0 F1800 X127.978 Y161.919
G1 F1200 X115.08 Y149.021 E298.15656
G0 F1800 X115.08 Y149.586
G1 F1200 X127.412 Y161.919 E298.73664
G0 F1800 X126.846 Y161.919
G1 F1200 X115.08 Y150.152 E299.2901
G0 F1800 X115.08 Y150.718
G1 F1200 X126.281 Y161.919 E299.81697
G0 F1800 X125.715 Y161.919
G1 F1200 X115.08 Y151.283 E300.31723
G0 F1800 X115.08 Y151.849
G1 F1200 X125.15 Y161.92 E300.79091
G0 F1800 X124.584 Y161.92
G1 F1200 X115.08 Y152.415 E301.23797
G0 F1800 X115.08 Y152.98
G1 F1200 X124.019 Y161.92 E301.65846
G0 F1800 X123.453 Y161.92
G1 F1200 X115.08 Y153.546 E302.05232
G0 F1800 X115.08 Y154.112
G1 F1200 X122.887 Y161.92 E302.41957
G0 F1800 X122.322 Y161.92
G1 F1200 X115.08 Y154.677 E302.76023
G0 F1800 X115.08 Y155.243
G1 F1200 X121.756 Y161.92 E303.07427
G0 F1800 X121.19 Y161.92
G1 F1200 X115.08 Y155.809 E303.36169
G0 F1800 X115.08 Y156.375
G1 F1200 X120.625 Y161.92 E303.62251
G0 F1800 X120.059 Y161.92
G1 F1200 X115.08 Y156.94 E303.85673
G0 F1800 X115.08 Y157.506
G1 F1200 X119.493 Y161.92 E304.06433
G0 F1800 X118.928 Y161.92
G1 F1200 X115.08 Y158.072 E304.24533
G0 F1800 X115.08 Y158.637
G1 F1200 X118.362 Y161.92 E304.39973
G0 F1800 X117.796 Y161.92
G1 F1200 X115.08 Y159.203 E304.5275
G0 F1800 X115.08 Y159.769
G1 F1200 X117.231 Y161.92 E304.62868
G0 F1800 X116.665 Y161.92
G1 F1200 X115.08 Y160.334 E304.70326
G0 F1800 X115.08 Y160.9
G1 F1200 X116.099 Y161.92 E304.75121
G0 F1800 X115.533 Y161.92
G1 F1200 X115.08 Y161.466 E304.77254
G1 F1500 E298.27254
G1 F600 Z0.3
;MESH:NONMESH
G0 F1800 X187.5 Y162.49 Z0.3
;TIME_ELAPSED:476.854523
;LAYER:1
M106 S255
;MESH:Slide-Body.stl
G0 F4500 X187.5 Y162.49 Z0.5
;TYPE:WALL-INNER
G1 F600 Z0.4
G1 F1500 E304.77254
G1 F2400 X187.497 Y139.506 E305.53699
G1 X114.5 Y139.5 E307.96488
G1 X114.506 Y162.5 E308.72987
G1 X187.5 Y162.49 E311.15766
G0 F4500 X187.775 Y162.776
G1 F2400 X187.869 Y162.62 E311.16371
G1 X187.9 Y162.477 E311.16858
G1 X187.896 Y139.437 E311.93489
G1 X187.778 Y139.227 E311.94291
G1 X187.686 Y139.15 E311.9469
G1 X187.494 Y139.101 E311.95349
G1 X114.472 Y139.1 E314.38221
G1 X114.227 Y139.217 E314.39124
G1 X114.133 Y139.345 E314.39652
G1 X114.1 Y139.502 E314.40186
G1 X114.101 Y162.49 E315.16644
G1 X114.13 Y162.643 E315.17162
G1 X114.278 Y162.822 E315.17934
G1 X114.516 Y162.9 E315.18767
G1 X187.49 Y162.896 E317.6148
G1 X187.638 Y162.866 E317.61982
G1 X187.775 Y162.776 E317.62527
G0 F4500 X187.77 Y163.248
;TYPE:WALL-OUTER
G1 F1800 X188.085 Y163.037 E317.63788
G1 X188.247 Y162.769 E317.6483
G1 X188.3 Y162.519 E317.6568
G1 X188.296 Y139.465 E318.42358
G1 X188.264 Y139.276 E318.42995
G1 X188.091 Y138.967 E318.44173
G1 X187.903 Y138.81 E318.44988
G1 X187.535 Y138.701 E318.46265
G1 X114.424 Y138.7 E320.89433
G1 X114.244 Y138.744 E320.90049
G1 X113.964 Y138.907 E320.91127
G1 X113.751 Y139.217 E320.92378
G1 X113.7 Y139.461 E320.93207
G1 X113.701 Y162.528 E321.69928
G1 X113.812 Y162.902 E321.71225
G1 X114.026 Y163.14 E321.7229
G1 X114.226 Y163.249 E321.73048
G1 X114.476 Y163.3 E321.73896
G1 X187.528 Y163.296 E324.16868
G1 X187.77 Y163.248 E324.17689
G0 F4500 X187.936 Y163.137
G1 F1500 E317.67689
G1 F600 Z0.5
G0 F4500 X187.116 Y162.116 Z0.5
;TYPE:SKIN
G1 F600 Z0.4
G1 F1500 E324.17689
G1 F1800 X114.88 Y162.12 E326.57947
G1 X114.88 Y139.88 E327.31917
G1 X187.116 Y139.877 E329.72175
G1 X187.116 Y162.116 E330.46142
G0 F4500 X186.916 Y161.546
G1 F1800 X186.546 Y161.916 E330.47883
G0 F4500 X185.98 Y161.916
G1 F1800 X186.916 Y160.981 E330.52283
G0 F4500 X186.916 Y160.415
G1 F1800 X185.415 Y161.916 E330.59343
G0 F4500 X184.849 Y161.916
G1 F1800 X186.916 Y159.849 E330.69066
G0 F4500 X186.916 Y159.284
G1 F1800 X184.283 Y161.916 E330.81448
G0 F4500 X183.718 Y161.916
G1 F1800 X186.916 Y158.718 E330.96491
G0 F4500 X186.916 Y158.152
G1 F1800 X183.152 Y161.916 E331.14195
G0 F4500 X182.586 Y161.916
G1 F1800 X186.916 Y157.587 E331.3456
G0 F4500 X186.916 Y157.021
G1 F1800 X182.021 Y161.916 E331.57584
G0 F4500 X181.455 Y161.916
G1 F1800 X186.916 Y156.455 E331.83271
G0 F4500 X186.916 Y155.889
G1 F1800 X180.889 Y161.916 E332.11621
G0 F4500 X180.324 Y161.916
G1 F1800 X186.916 Y155.324 E332.42627
G0 F4500 X186.916 Y154.758
G1 F1800 X179.758 Y161.916 E332.76296
G0 F4500 X179.192 Y161.916
G1 F1800 X186.916 Y154.192 E333.12628
G0 F4500 X186.916 Y153.627
G1 F1800 X178.626 Y161.916 E333.51619
G0 F4500 X178.061 Y161.916
G1 F1800 X186.916 Y153.061 E333.9327
G0 F4500 X186.916 Y152.495
G1 F1800 X177.495 Y161.916 E334.37584
G0 F4500 X176.929 Y161.916
G1 F1800 X186.916 Y151.93 E334.84557
G0 F4500 X186.916 Y151.364
G1 F1800 X176.363 Y161.917 E335.34195
G0 F4500 X175.797 Y161.917
G1 F1800 X186.916 Y150.798 E335.86495
G0 F4500 X186.916 Y150.233
G1 F1800 X175.232 Y161.917 E336.41453
G0 F4500 X174.666 Y161.917
G1 F1800 X186.916 Y149.667 E336.99074
G0 F4500 X186.916 Y149.101
G1 F1800 X174.1 Y161.917 E337.59356
G0 F4500 X173.535 Y161.917
G1 F1800 X186.916 Y148.536 E338.22296
G0 F4500 X186.916 Y147.97
G1 F1800 X172.969 Y161.917 E338.87899
G0 F4500 X172.403 Y161.917
G1 F1800 X186.916 Y147.404 E339.56163
G0 F4500 X186.916 Y146.839
G1 F1800 X171.838 Y161.917 E340.27086
G0 F4500 X171.272 Y161.917
G1 F1800 X186.916 Y146.273 E341.0067
G0 F4500 X186.916 Y145.707
G1 F1800 X170.706 Y161.917 E341.76917
G0 F4500 X170.14 Y161.917
G1 F1800 X186.916 Y145.141 E342.55826
G0 F4500 X186.916 Y144.576
G1 F1800 X169.575 Y161.917 E343.37393
G0 F4500 X169.009 Y161.917
G1 F1800 X186.916 Y144.01 E344.21622
G0 F4500 X186.916 Y143.444
G1 F1800 X168.443 Y161.917 E345.08513
G0 F4500 X167.878 Y161.917
G1 F1800 X186.916 Y142.879 E345.98062
G0 F4500 X186.916 Y142.313
G1 F1800 X167.312 Y161.917 E346.90274
G0 F4500 X166.746 Y161.917
G1 F1800 X186.916 Y141.747 E347.85147
G0 F4500 X186.916 Y141.182
G1 F1800 X166.18 Y161.918 E348.82683
G0 F4500 X165.614 Y161.918
G1 F1800 X186.916 Y140.616 E349.82881
G0 F4500 X186.889 Y140.077
G1 F1800 X165.049 Y161.918 E350.85612
G0 F4500 X164.483 Y161.918
G1 F1800 X186.323 Y140.077 E351.88343
G0 F4500 X185.758 Y140.077
G1 F1800 X163.917 Y161.918 E352.91076
G0 F4500 X163.352 Y161.918
G1 F1800 X185.192 Y140.077 E353.93807
G0 F4500 X184.626 Y140.077
G1 F1800 X162.786 Y161.918 E354.96538
G0 F4500 X162.22 Y161.918
G1 F1800 X184.061 Y140.077 E355.99272
G0 F4500 X183.495 Y140.077
G1 F1800 X161.655 Y161.918 E357.02003
G0 F4500 X161.089 Y161.918
G1 F1800 X182.929 Y140.077 E358.04734
G0 F4500 X182.364 Y140.077
G1 F1800 X160.523 Y161.918 E359.07467
G0 F4500 X159.957 Y161.918
G1 F1800 X181.798 Y140.077 E360.102
G0 F4500 X181.232 Y140.077
G1 F1800 X159.392 Y161.918 E361.12932
G0 F4500 X158.826 Y161.918
G1 F1800 X180.666 Y140.077 E362.15663
G0 F4500 X180.101 Y140.077
G1 F1800 X158.26 Y161.918 E363.18396
G0 F4500 X157.695 Y161.918
G1 F1800 X179.535 Y140.077 E364.21127
G0 F4500 X178.969 Y140.077
G1 F1800 X157.129 Y161.918 E365.23858
G0 F4500 X156.563 Y161.918
G1 F1800 X178.404 Y140.077 E366.26591
G0 F4500 X177.838 Y140.077
G1 F1800 X155.997 Y161.918 E367.29325
G0 F4500 X155.431 Y161.918
G1 F1800 X177.272 Y140.077 E368.32058
G0 F4500 X176.707 Y140.077
G1 F1800 X154.866 Y161.918 E369.34791
G0 F4500 X154.3 Y161.918
G1 F1800 X176.141 Y140.077 E370.37525
G0 F4500 X175.575 Y140.077
G1 F1800 X153.734 Y161.918 E371.40258
G0 F4500 X153.169 Y161.918
G1 F1800 X175.01 Y140.077 E372.42992
G0 F4500 X174.444 Y140.077
G1 F1800 X152.603 Y161.918 E373.45725
G0 F4500 X152.037 Y161.918
G1 F1800 X173.878 Y140.077 E374.48458
G0 F4500 X173.313 Y140.077
G1 F1800 X151.471 Y161.918 E375.51194
G0 F4500 X150.906 Y161.918
G1 F1800 X172.747 Y140.077 E376.53927
G0 F4500 X172.181 Y140.077
G1 F1800 X150.34 Y161.918 E377.56661
G0 F4500 X149.774 Y161.918
G1 F1800 X171.616 Y140.077 E378.59396
G0 F4500 X171.05 Y140.077
G1 F1800 X149.209 Y161.918 E379.6213
G0 F4500 X148.643 Y161.918
G1 F1800 X170.484 Y140.077 E380.64863
G0 F4500 X169.918 Y140.077
G1 F1800 X148.077 Y161.918 E381.67597
G0 F4500 X147.512 Y161.918
G1 F1800 X169.353 Y140.077 E382.7033
G0 F4500 X168.786 Y140.078
G1 F1800 X146.946 Y161.918 E383.73059
G0 F4500 X146.38 Y161.918
G1 F1800 X168.221 Y140.078 E384.7579
G0 F4500 X167.655 Y140.078
G1 F1800 X145.814 Y161.919 E385.78523
G0 F4500 X145.248 Y161.919
G1 F1800 X167.089 Y140.078 E386.81256
G0 F4500 X166.524 Y140.078
G1 F1800 X144.683 Y161.919 E387.8399
G0 F4500 X144.117 Y161.919
G1 F1800 X165.958 Y140.078 E388.86723
G0 F4500 X165.392 Y140.078
G1 F1800 X143.551 Y161.919 E389.89456
G0 F4500 X142.985 Y161.919
G1 F1800 X164.827 Y140.078 E390.92192
G0 F4500 X164.261 Y140.078
G1 F1800 X142.42 Y161.919 E391.94925
G0 F4500 X141.854 Y161.919
G1 F1800 X163.695 Y140.078 E392.97659
G0 F4500 X163.13 Y140.078
G1 F1800 X141.288 Y161.919 E394.00395
G0 F4500 X140.723 Y161.919
G1 F1800 X162.564 Y140.078 E395.03128
G0 F4500 X161.998 Y140.078
G1 F1800 X140.157 Y161.919 E396.05861
G0 F4500 X139.591 Y161.919
G1 F1800 X161.432 Y140.078 E397.08595
G0 F4500 X160.867 Y140.078
G1 F1800 X139.026 Y161.919 E398.11328
G0 F4500 X138.46 Y161.919
G1 F1800 X160.301 Y140.078 E399.14061
G0 F4500 X159.735 Y140.078
G1 F1800 X137.894 Y161.919 E400.16795
G0 F4500 X137.329 Y161.919
G1 F1800 X159.17 Y140.078 E401.19528
G0 F4500 X158.604 Y140.078
G1 F1800 X136.763 Y161.919 E402.22262
G0 F4500 X136.197 Y161.919
G1 F1800 X158.038 Y140.078 E403.24995
G0 F4500 X157.473 Y140.078
G1 F1800 X135.632 Y161.919 E404.27728
G0 F4500 X135.065 Y161.92
G1 F1800 X156.907 Y140.078 E405.30466
G0 F4500 X156.341 Y140.078
G1 F1800 X134.499 Y161.92 E406.33204
G0 F4500 X133.934 Y161.92
G1 F1800 X155.776 Y140.078 E407.35942
G0 F4500 X155.21 Y140.078
G1 F1800 X133.368 Y161.92 E408.38681
G0 F4500 X132.802 Y161.92
G1 F1800 X154.644 Y140.078 E409.41419
G0 F4500 X154.079 Y140.078
G1 F1800 X132.237 Y161.92 E410.44157
G0 F4500 X131.671 Y161.92
G1 F1800 X153.513 Y140.078 E411.46895
G0 F4500 X152.947 Y140.078
G1 F1800 X131.105 Y161.92 E412.49633
G0 F4500 X130.54 Y161.92
G1 F1800 X152.382 Y140.078 E413.52371
G0 F4500 X151.816 Y140.078
G1 F1800 X129.974 Y161.92 E414.55109
G0 F4500 X129.408 Y161.92
G1 F1800 X151.25 Y140.078 E415.57847
G0 F4500 X150.684 Y140.079
G1 F1800 X128.843 Y161.92 E416.6058
G0 F4500 X128.277 Y161.92
G1 F1800 X150.118 Y140.079 E417.63314
G0 F4500 X149.552 Y140.079
G1 F1800 X127.711 Y161.92 E418.66047
G0 F4500 X127.146 Y161.92
G1 F1800 X148.987 Y140.079 E419.68781
G0 F4500 X148.421 Y140.079
G1 F1800 X126.58 Y161.92 E420.71514
G0 F4500 X126.014 Y161.92
G1 F1800 X147.855 Y140.079 E421.74247
G0 F4500 X147.29 Y140.079
G1 F1800 X125.449 Y161.92 E422.76981
G0 F4500 X124.882 Y161.92
G1 F1800 X146.724 Y140.079 E423.79716
G0 F4500 X146.158 Y140.079
G1 F1800 X124.316 Y161.92 E424.82452
G0 F4500 X123.751 Y161.92
G1 F1800 X145.593 Y140.079 E425.85188
G0 F4500 X145.027 Y140.079
G1 F1800 X123.185 Y161.92 E426.87923
G0 F4500 X122.619 Y161.92
G1 F1800 X144.461 Y140.079 E427.90659
G0 F4500 X143.896 Y140.079
G1 F1800 X122.054 Y161.92 E428.93395
G0 F4500 X121.488 Y161.92
G1 F1800 X143.33 Y140.079 E429.96131
G0 F4500 X142.764 Y140.079
G1 F1800 X120.922 Y161.92 E430.98866
G0 F4500 X120.357 Y161.92
G1 F1800 X142.198 Y140.079 E432.016
G0 F4500 X141.633 Y140.079
G1 F1800 X119.791 Y161.92 E433.04335
G0 F4500 X119.225 Y161.92
G1 F1800 X141.067 Y140.079 E434.07071
G0 F4500 X140.501 Y140.079
G1 F1800 X118.66 Y161.92 E435.09805
G0 F4500 X118.094 Y161.92
G1 F1800 X139.936 Y140.079 E436.1254
G0 F4500 X139.37 Y140.079
G1 F1800 X117.528 Y161.92 E437.15276
G0 F4500 X116.963 Y161.92
G1 F1800 X138.804 Y140.079 E438.18009
G0 F4500 X138.239 Y140.079
G1 F1800 X116.397 Y161.92 E439.20745
G0 F4500 X115.831 Y161.92
G1 F1800 X137.673 Y140.079 E440.23481
G0 F4500 X137.107 Y140.079
G1 F1800 X115.265 Y161.92 E441.26217
G0 F4500 X115.08 Y161.54
G1 F1800 X136.542 Y140.079 E442.27165
G0 F4500 X135.976 Y140.079
G1 F1800 X115.08 Y160.974 E443.25451
G0 F4500 X115.08 Y160.409
G1 F1800 X135.41 Y140.079 E444.21077
G0 F4500 X134.845 Y140.079
G1 F1800 X115.08 Y159.843 E445.14043
G0 F4500 X115.08 Y159.277
G1 F1800 X134.279 Y140.079 E446.04347
G0 F4500 X133.713 Y140.079
G1 F1800 X115.08 Y158.712 E446.91991
G0 F4500 X115.08 Y158.146
G1 F1800 X133.147 Y140.079 E447.76972
G0 F4500 X132.581 Y140.079
G1 F1800 X115.08 Y157.58 E448.59292
G0 F4500 X115.08 Y157.014
G1 F1800 X132.015 Y140.079 E449.38949
G0 F4500 X131.45 Y140.079
G1 F1800 X115.08 Y156.449 E450.15948
G0 F4500 X115.08 Y155.883
G1 F1800 X130.884 Y140.079 E450.90286
G0 F4500 X130.318 Y140.079
G1 F1800 X115.08 Y155.317 E451.6196
G0 F4500 X115.08 Y154.752
G1 F1800 X129.753 Y140.079 E452.30978
G0 F4500 X129.187 Y140.079
G1 F1800 X115.08 Y154.186 E452.97333
G0 F4500 X115.08 Y153.62
G1 F1800 X128.621 Y140.079 E453.61025
G0 F4500 X128.056 Y140.079
G1 F1800 X115.08 Y153.055 E454.22061
G0 F4500 X115.08 Y152.489
G1 F1800 X127.49 Y140.079 E454.80433
G0 F4500 X126.924 Y140.079
G1 F1800 X115.08 Y151.923 E455.36144
G0 F4500 X115.08 Y151.358
G1 F1800 X126.359 Y140.079 E455.89197
G0 F4500 X125.793 Y140.079
G1 F1800 X115.08 Y150.792 E456.39588
G0 F4500 X115.08 Y150.226
G1 F1800 X125.227 Y140.079 E456.87316
G0 F4500 X124.662 Y140.079
G1 F1800 X115.08 Y149.661 E457.32387
G0 F4500 X115.08 Y149.095
G1 F1800 X124.096 Y140.079 E457.74795
G0 F4500 X123.53 Y140.079
G1 F1800 X115.08 Y148.529 E458.14541
G0 F4500 X115.08 Y147.964
G1 F1800 X122.964 Y140.079 E458.51628
G0 F4500 X122.399 Y140.079
G1 F1800 X115.08 Y147.398 E458.86054
G0 F4500 X115.08 Y146.832
G1 F1800 X121.833 Y140.079 E459.17818
G0 F4500 X121.267 Y140.079
G1 F1800 X115.08 Y146.266 E459.4692
G0 F4500 X115.08 Y145.701
G1 F1800 X120.702 Y140.079 E459.73364
G0 F4500 X120.136 Y140.079
G1 F1800 X115.08 Y145.135 E459.97146
G0 F4500 X115.08 Y144.569
G1 F1800 X119.57 Y140.079 E460.18265
G0 F4500 X119.005 Y140.079
G1 F1800 X115.08 Y144.004 E460.36727
G0 F4500 X115.08 Y143.438
G1 F1800 X118.439 Y140.079 E460.52527
G0 F4500 X117.873 Y140.079
G1 F1800 X115.08 Y142.872 E460.65665
G0 F4500 X115.08 Y142.307
G1 F1800 X117.308 Y140.079 E460.76144
G0 F4500 X116.742 Y140.079
G1 F1800 X115.08 Y141.741 E460.83962
G0 F4500 X115.08 Y141.175
G1 F1800 X116.176 Y140.079 E460.89117
G0 F4500 X115.611 Y140.079
G1 F1800 X115.08 Y140.61 E460.91615
G1 F1500 E454.41615
G1 F600 Z0.5
;MESH:NONMESH
G0 F4500 X187.496 Y162.495 Z0.5
;TIME_ELAPSED:635.512661
;LAYER:2
;MESH:Slide-Body.stl
G0 F7200 X187.496 Y162.495 Z0.7
;TYPE:WALL-INNER
G1 F600 Z0.6
G1 F1500 E460.91615
G1 F3600 X187.489 Y139.502 E461.6809
G1 X114.5 Y139.505 E464.10852
G1 X114.501 Y162.5 E464.87334
G1 X187.496 Y162.495 E467.30116
G0 F7200 X187.775 Y162.772
G1 F3600 X187.862 Y162.652 E467.30609
G1 X187.896 Y162.488 E467.31166
G1 X187.892 Y139.478 E468.07698
G1 X187.856 Y139.343 E468.08163
G1 X187.763 Y139.216 E468.08686
G1 X187.581 Y139.1 E468.09404
G1 X114.493 Y139.104 E470.52496
G1 X114.337 Y139.145 E470.53032
G1 X114.217 Y139.233 E470.53527
G1 X114.1 Y139.499 E470.54494
G1 X114.1 Y162.537 E471.31118
G1 X114.242 Y162.794 E471.32095
G1 X114.539 Y162.9 E471.33144
G1 X187.558 Y162.895 E473.76006
G1 X187.775 Y162.772 E473.76836
G0 F7200 X187.719 Y163.264
;TYPE:WALL-OUTER
G1 F2400 X188.037 Y163.084 E473.78051
G1 X188.244 Y162.78 E473.79274
G1 X188.296 Y162.528 E473.8013
G1 X188.292 Y139.426 E474.56968
G1 X188.224 Y139.168 E474.57855
G1 X188.041 Y138.918 E474.58885
G1 X187.772 Y138.749 E474.59942
G1 X187.539 Y138.7 E474.60734
G1 X114.442 Y138.704 E477.03856
G1 X114.163 Y138.777 E477.04815
G1 X113.918 Y138.955 E477.05822
G1 X113.749 Y139.228 E477.0689
G1 X113.7 Y139.457 E477.07669
G1 X113.7 Y162.6 E477.84643
G1 X113.773 Y162.825 E477.85429
G1 X113.958 Y163.086 E477.86494
G1 X114.151 Y163.214 E477.87264
G1 X114.489 Y163.3 E477.88424
G1 X187.535 Y163.295 E480.31376
G1 X187.719 Y163.264 E480.31996
G0 F7200 X187.893 Y163.166
G1 F1500 E473.81996
G1 F600 Z0.7
G0 F7200 X187.112 Y162.116 Z0.7
;TYPE:SKIN
G1 F600 Z0.6
G1 F1500 E480.31996
G1 F2400 X114.88 Y162.12 E482.72241
G1 X114.877 Y139.88 E483.46212
G1 X187.112 Y139.88 E485.86466
G1 X187.112 Y162.116 E486.60423
G1 F1500 E480.10423
G1 F600 Z0.7
G0 F7200 X186.912 Y140.526 Z0.7
G1 F600 Z0.6
G1 F1500 E486.60423
G1 F2400 X186.466 Y140.08 E486.62521
G0 F7200 X185.9 Y140.08
G1 F2400 X186.912 Y141.092 E486.67281
G0 F7200 X186.912 Y141.658
G1 F2400 X185.335 Y140.08 E486.74701
G0 F7200 X184.769 Y140.08
G1 F2400 X186.912 Y142.223 E486.84781
G0 F7200 X186.912 Y142.789
G1 F2400 X184.203 Y140.08 E486.97524
G0 F7200 X183.638 Y140.08
G1 F2400 X186.912 Y143.355 E487.12926
G0 F7200 X186.912 Y143.92
G1 F2400 X183.072 Y140.08 E487.30988
G0 F7200 X182.506 Y140.08
G1 F2400 X186.912 Y144.486 E487.51713
G0 F7200 X186.912 Y145.052
G1 F2400 X181.941 Y140.08 E487.75097
G0 F7200 X181.375 Y140.08
G1 F2400 X186.912 Y145.617 E488.01141
G0 F7200 X186.912 Y146.183
G1 F2400 X180.809 Y140.08 E488.29848
G0 F7200 X180.244 Y140.08
G1 F2400 X186.912 Y146.749 E488.61215
G0 F7200 X186.912 Y147.314
G1 F2400 X179.678 Y140.08 E488.95241
G0 F7200 X179.112 Y140.08
G1 F2400 X186.912 Y147.88 E489.3193
G0 F7200 X186.912 Y148.446
G1 F2400 X178.547 Y140.08 E489.71279
G0 F7200 X177.981 Y140.08
G1 F2400 X186.912 Y149.011 E490.13287
G0 F7200 X186.912 Y149.577
G1 F2400 X177.415 Y140.08 E490.57958
G0 F7200 X176.85 Y140.08
G1 F2400 X186.912 Y150.143 E491.05289
G0 F7200 X186.912 Y150.708
G1 F2400 X176.284 Y140.08 E491.5528
G0 F7200 X175.718 Y140.08
G1 F2400 X186.912 Y151.274 E492.07933
G0 F7200 X186.912 Y151.84
G1 F2400 X175.152 Y140.08 E492.63249
G0 F7200 X174.587 Y140.08
G1 F2400 X186.912 Y152.406 E493.21224
G0 F7200 X186.912 Y152.971
G1 F2400 X174.021 Y140.08 E493.81859
G0 F7200 X173.455 Y140.08
G1 F2400 X186.912 Y153.537 E494.45157
G0 F7200 X186.912 Y154.103
G1 F2400 X172.89 Y140.08 E495.11115
G0 F7200 X172.324 Y140.08
G1 F2400 X186.912 Y154.668 E495.79732
G0 F7200 X186.912 Y155.234
G1 F2400 X171.758 Y140.08 E496.51012
G0 F7200 X171.193 Y140.08
G1 F2400 X186.912 Y155.8 E497.24951
G0 F7200 X186.912 Y156.365
G1 F2400 X170.627 Y140.08 E498.01551
G0 F7200 X170.061 Y140.08
G1 F2400 X186.912 Y156.931 E498.80813
G0 F7200 X186.912 Y157.497
G1 F2400 X169.496 Y140.08 E499.62735
G0 F7200 X168.93 Y140.08
G1 F2400 X186.912 Y158.062 E500.47317
G0 F7200 X186.912 Y158.628
G1 F2400 X168.364 Y140.08 E501.34561
G0 F7200 X167.799 Y140.08
G1 F2400 X186.912 Y159.194 E502.24465
G0 F7200 X186.912 Y159.759
G1 F2400 X167.233 Y140.08 E503.17029
G0 F7200 X166.667 Y140.08
G1 F2400 X186.912 Y160.325 E504.12255
G0 F7200 X186.912 Y160.891
G1 F2400 X166.102 Y140.08 E505.10141
G0 F7200 X165.536 Y140.08
G1 F2400 X186.912 Y161.457 E506.1069
G0 F7200 X186.806 Y161.916
G1 F2400 X164.97 Y140.08 E507.134
G0 F7200 X164.404 Y140.08
G1 F2400 X186.241 Y161.916 E508.16112
G0 F7200 X185.675 Y161.916
G1 F2400 X163.839 Y140.08 E509.18822
G0 F7200 X163.273 Y140.08
G1 F2400 X185.109 Y161.916 E510.21532
G0 F7200 X184.544 Y161.916
G1 F2400 X162.707 Y140.08 E511.24244
G0 F7200 X162.142 Y140.08
G1 F2400 X183.978 Y161.916 E512.26954
G0 F7200 X183.412 Y161.916
G1 F2400 X161.576 Y140.08 E513.29664
G0 F7200 X161.01 Y140.08
G1 F2400 X182.846 Y161.916 E514.32373
G0 F7200 X182.281 Y161.916
G1 F2400 X160.445 Y140.08 E515.35083
G0 F7200 X159.879 Y140.08
G1 F2400 X181.715 Y161.916 E516.37793
G0 F7200 X181.149 Y161.916
G1 F2400 X159.313 Y140.08 E517.40503
G0 F7200 X158.748 Y140.08
G1 F2400 X180.584 Y161.916 E518.43213
G0 F7200 X180.018 Y161.916
G1 F2400 X158.182 Y140.08 E519.45923
G0 F7200 X157.616 Y140.08
G1 F2400 X179.452 Y161.916 E520.48632
G0 F7200 X178.887 Y161.916
G1 F2400 X157.051 Y140.08 E521.51342
G0 F7200 X156.485 Y140.08
G1 F2400 X178.321 Y161.916 E522.54052
G0 F7200 X177.755 Y161.916
G1 F2400 X155.919 Y140.08 E523.56762
G0 F7200 X155.353 Y140.08
G1 F2400 X177.19 Y161.916 E524.59474
G0 F7200 X176.624 Y161.916
G1 F2400 X154.788 Y140.08 E525.62184
G0 F7200 X154.222 Y140.08
G1 F2400 X176.058 Y161.916 E526.64894
G0 F7200 X175.493 Y161.916
G1 F2400 X153.656 Y140.08 E527.67606
G0 F7200 X153.091 Y140.08
G1 F2400 X174.928 Y161.917 E528.70321
G0 F7200 X174.362 Y161.917
G1 F2400 X152.525 Y140.08 E529.73035
G0 F7200 X151.959 Y140.08
G1 F2400 X173.796 Y161.917 E530.7575
G0 F7200 X173.231 Y161.917
G1 F2400 X151.394 Y140.08 E531.78464
G0 F7200 X150.828 Y140.08
G1 F2400 X172.665 Y161.917 E532.81179
G0 F7200 X172.099 Y161.917
G1 F2400 X150.262 Y140.08 E533.83893
G0 F7200 X149.697 Y140.08
G1 F2400 X171.533 Y161.917 E534.86606
G0 F7200 X170.968 Y161.917
G1 F2400 X149.131 Y140.08 E535.8932
G0 F7200 X148.565 Y140.08
G1 F2400 X170.402 Y161.917 E536.92035
G0 F7200 X169.836 Y161.917
G1 F2400 X148 Y140.08 E537.94747
G0 F7200 X147.434 Y140.08
G1 F2400 X169.271 Y161.917 E538.97462
G0 F7200 X168.705 Y161.917
G1 F2400 X146.868 Y140.08 E540.00176
G0 F7200 X146.303 Y140.08
G1 F2400 X168.139 Y161.917 E541.02888
G0 F7200 X167.574 Y161.917
G1 F2400 X145.737 Y140.08 E542.05603
G0 F7200 X145.171 Y140.08
G1 F2400 X167.008 Y161.917 E543.08317
G0 F7200 X166.442 Y161.917
G1 F2400 X144.605 Y140.08 E544.11032
G0 F7200 X144.04 Y140.08
G1 F2400 X165.877 Y161.917 E545.13746
G0 F7200 X165.311 Y161.917
G1 F2400 X143.474 Y140.08 E546.16461
G0 F7200 X142.908 Y140.08
G1 F2400 X164.745 Y161.917 E547.19176
G0 F7200 X164.18 Y161.917
G1 F2400 X142.343 Y140.08 E548.2189
G0 F7200 X141.777 Y140.08
G1 F2400 X163.614 Y161.917 E549.24605
G0 F7200 X163.048 Y161.917
G1 F2400 X141.211 Y140.08 E550.27319
G0 F7200 X140.646 Y140.08
G1 F2400 X162.483 Y161.918 E551.30036
G0 F7200 X161.918 Y161.918
G1 F2400 X140.08 Y140.08 E552.32755
G0 F7200 X139.514 Y140.08
G1 F2400 X161.352 Y161.918 E553.35475
G0 F7200 X160.786 Y161.918
G1 F2400 X138.949 Y140.08 E554.38192
G0 F7200 X138.383 Y140.08
G1 F2400 X160.22 Y161.918 E555.40908
G0 F7200 X159.655 Y161.918
G1 F2400 X137.817 Y140.08 E556.43628
G0 F7200 X137.252 Y140.08
G1 F2400 X159.089 Y161.918 E557.46345
G0 F7200 X158.523 Y161.918
G1 F2400 X136.686 Y140.08 E558.49062
G0 F7200 X136.12 Y140.08
G1 F2400 X157.958 Y161.918 E559.51781
G0 F7200 X157.392 Y161.918
G1 F2400 X135.554 Y140.08 E560.545
G0 F7200 X134.989 Y140.08
G1 F2400 X156.826 Y161.918 E561.57217
G0 F7200 X156.261 Y161.918
G1 F2400 X134.423 Y140.08 E562.59936
G0 F7200 X133.857 Y140.08
G1 F2400 X155.695 Y161.918 E563.62655
G0 F7200 X155.129 Y161.918
G1 F2400 X133.292 Y140.08 E564.65372
G0 F7200 X132.726 Y140.08
G1 F2400 X154.564 Y161.918 E565.68092
G0 F7200 X153.998 Y161.918
G1 F2400 X132.16 Y140.08 E566.70811
G0 F7200 X131.595 Y140.08
G1 F2400 X153.432 Y161.918 E567.73528
G0 F7200 X152.867 Y161.918
G1 F2400 X131.029 Y140.08 E568.76247
G0 F7200 X130.463 Y140.08
G1 F2400 X152.301 Y161.918 E569.78966
G0 F7200 X151.735 Y161.918
G1 F2400 X129.898 Y140.08 E570.81683
G0 F7200 X129.332 Y140.08
G1 F2400 X151.17 Y161.918 E571.84402
G0 F7200 X150.605 Y161.918
G1 F2400 X128.766 Y140.08 E572.87124
G0 F7200 X128.201 Y140.08
G1 F2400 X150.039 Y161.918 E573.89843
G0 F7200 X149.473 Y161.918
G1 F2400 X127.635 Y140.08 E574.92563
G0 F7200 X127.069 Y140.08
G1 F2400 X148.907 Y161.918 E575.95282
G0 F7200 X148.342 Y161.918
G1 F2400 X126.504 Y140.08 E576.98001
G0 F7200 X125.938 Y140.08
G1 F2400 X147.776 Y161.918 E578.0072
G0 F7200 X147.21 Y161.918
G1 F2400 X125.372 Y140.08 E579.0344
G0 F7200 X124.806 Y140.08
G1 F2400 X146.645 Y161.918 E580.06161
G0 F7200 X146.079 Y161.918
G1 F2400 X124.241 Y140.08 E581.0888
G0 F7200 X123.675 Y140.08
G1 F2400 X145.513 Y161.918 E582.116
G0 F7200 X144.948 Y161.918
G1 F2400 X123.109 Y140.08 E583.14321
G0 F7200 X122.544 Y140.08
G1 F2400 X144.382 Y161.918 E584.17041
G0 F7200 X143.816 Y161.918
G1 F2400 X121.978 Y140.08 E585.1976
G0 F7200 X121.412 Y140.08
G1 F2400 X143.251 Y161.918 E586.22481
G0 F7200 X142.685 Y161.918
G1 F2400 X120.847 Y140.08 E587.25201
G0 F7200 X120.281 Y140.08
G1 F2400 X142.119 Y161.918 E588.2792
G0 F7200 X141.554 Y161.918
G1 F2400 X119.715 Y140.08 E589.30642
G0 F7200 X119.15 Y140.08
G1 F2400 X140.988 Y161.918 E590.33361
G0 F7200 X140.422 Y161.918
G1 F2400 X118.584 Y140.08 E591.3608
G0 F7200 X118.018 Y140.08
G1 F2400 X139.857 Y161.918 E592.38802
G0 F7200 X139.291 Y161.918
G1 F2400 X117.453 Y140.08 E593.41521
G0 F7200 X116.887 Y140.08
G1 F2400 X138.726 Y161.919 E594.44245
G0 F7200 X138.16 Y161.919
G1 F2400 X116.321 Y140.08 E595.46969
G0 F7200 X115.756 Y140.08
G1 F2400 X137.594 Y161.919 E596.4969
G0 F7200 X137.029 Y161.919
G1 F2400 X115.19 Y140.08 E597.52414
G0 F7200 X115.077 Y140.533
G1 F2400 X136.463 Y161.919 E598.53008
G0 F7200 X135.897 Y161.919
G1 F2400 X115.077 Y141.098 E599.50941
G0 F7200 X115.077 Y141.664
G1 F2400 X135.332 Y161.919 E600.46214
G0 F7200 X134.766 Y161.919
G1 F2400 X115.077 Y142.23 E601.38825
G0 F7200 X115.077 Y142.795
G1 F2400 X134.2 Y161.919 E602.28776
G0 F7200 X133.635 Y161.919
G1 F2400 X115.077 Y143.361 E603.16067
G0 F7200 X115.077 Y143.927
G1 F2400 X133.069 Y161.919 E604.00696
G0 F7200 X132.503 Y161.919
G1 F2400 X115.077 Y144.493 E604.82663
G0 F7200 X115.077 Y145.059
G1 F2400 X131.938 Y161.919 E605.61969
G0 F7200 X131.372 Y161.919
G1 F2400 X115.077 Y145.624 E606.38616
G0 F7200 X115.077 Y146.19
G1 F2400 X130.806 Y161.919 E607.12601
G0 F7200 X130.241 Y161.919
G1 F2400 X115.077 Y146.756 E607.83925
G0 F7200 X115.077 Y147.321
G1 F2400 X129.675 Y161.919 E608.5259
G0 F7200 X129.109 Y161.919
G1 F2400 X115.077 Y147.887 E609.18592
G0 F7200 X115.077 Y148.453
G1 F2400 X128.544 Y161.919 E609.81934
G0 F7200 X127.978 Y161.919
G1 F2400 X115.078 Y149.019 E610.42612
G0 F7200 X115.078 Y149.585
G1 F2400 X127.412 Y161.919 E611.00627
G0 F7200 X126.847 Y161.92
G1 F2400 X115.078 Y150.151 E611.55985
G0 F7200 X115.078 Y150.716
G1 F2400 X126.281 Y161.92 E612.08683
G0 F7200 X125.716 Y161.92
G1 F2400 X115.078 Y151.282 E612.58721
G0 F7200 X115.078 Y151.848
G1 F2400 X125.15 Y161.92 E613.06096
G0 F7200 X124.584 Y161.92
G1 F2400 X115.078 Y152.413 E613.50812
G0 F7200 X115.078 Y152.979
G1 F2400 X124.019 Y161.92 E613.92868
G0 F7200 X123.453 Y161.92
G1 F2400 X115.079 Y153.545 E614.32259
G0 F7200 X115.079 Y154.111
G1 F2400 X122.887 Y161.92 E614.68987
G0 F7200 X122.322 Y161.92
G1 F2400 X115.079 Y154.677 E615.03056
G0 F7200 X115.079 Y155.242
G1 F2400 X121.756 Y161.92 E615.34465
G0 F7200 X121.19 Y161.92
G1 F2400 X115.079 Y155.808 E615.63212
G0 F7200 X115.079 Y156.374
G1 F2400 X120.625 Y161.92 E615.89298
G0 F7200 X120.059 Y161.92
G1 F2400 X115.079 Y156.94 E616.12723
G0 F7200 X115.079 Y157.505
G1 F2400 X119.493 Y161.92 E616.33487
G0 F7200 X118.928 Y161.92
G1 F2400 X115.08 Y158.072 E616.51587
G0 F7200 X115.08 Y158.637
G1 F2400 X118.362 Y161.92 E616.67027
G0 F7200 X117.796 Y161.92
G1 F2400 X115.08 Y159.203 E616.79805
G0 F7200 X115.08 Y159.769
G1 F2400 X117.231 Y161.92 E616.89922
G0 F7200 X116.665 Y161.92
G1 F2400 X115.08 Y160.334 E616.9738
G0 F7200 X115.08 Y160.9
G1 F2400 X116.099 Y161.92 E617.02175
G0 F7200 X115.533 Y161.92
G1 F2400 X115.08 Y161.466 E617.04308
G1 F1500 E610.54308
G1 F600 Z0.7
;MESH:NONMESH
G0 F7200 X187.499 Y162.495 Z0.7
;TIME_ELAPSED:755.612583
;LAYER:3
;MESH:Slide-Body.stl
G0 X187.499 Y162.495 Z0.9
;TYPE:WALL-INNER
G1 F600 Z0.8
G1 F1500 E617.04308
G1 F3600 X187.497 Y139.5 E617.8079
G1 X114.504 Y139.5 E620.23566
G1 X114.504 Y162.497 E621.00054
G1 X187.499 Y162.495 E623.42837
G0 F7200 X187.768 Y162.779
G1 F3600 X187.899 Y162.536 E623.43755
G1 X187.896 Y139.516 E624.2032
G1 X187.86 Y139.348 E624.20891
G1 X187.784 Y139.229 E624.21361
G1 X187.657 Y139.135 E624.21886
G1 X187.498 Y139.1 E624.22428
G1 X114.52 Y139.1 E626.65153
G1 X114.364 Y139.135 E626.65685
G1 X114.203 Y139.249 E626.66341
G1 X114.1 Y139.498 E626.67238
G1 X114.1 Y162.575 E627.43992
G1 X114.218 Y162.768 E627.44744
G1 X114.451 Y162.9 E627.45635
G1 X187.576 Y162.896 E629.8885
G1 X187.768 Y162.779 E629.89598
G0 F7200 X187.763 Y163.25
;TYPE:WALL-OUTER
G1 F2400 X188.034 Y163.086 E629.90651
G1 X188.181 Y162.905 E629.91427
G1 X188.299 Y162.613 E629.92474
G1 X188.296 Y139.474 E630.69435
G1 X188.236 Y139.194 E630.70387
G1 X188.088 Y138.962 E630.71303
G1 X187.789 Y138.755 E630.72512
G1 X187.542 Y138.7 E630.73354
G1 X114.475 Y138.7 E633.16376
G1 X114.199 Y138.763 E633.17317
G1 X113.905 Y138.969 E633.18511
G1 X113.753 Y139.216 E633.19476
G1 X113.7 Y139.454 E633.20287
G1 X113.7 Y162.528 E633.97031
G1 X113.746 Y162.762 E633.97824
G1 X113.913 Y163.037 E633.98894
G1 X114.114 Y163.196 E633.99747
G1 X114.375 Y163.3 E634.00681
G1 X187.528 Y163.296 E636.43989
G1 X187.763 Y163.25 E636.44786
G0 F7200 X187.933 Y163.147
G1 F1500 E629.94786
G1 F600 Z0.9
G0 F7200 X187.116 Y162.116 Z0.9
;TYPE:SKIN
G1 F600 Z0.8
G1 F1500 E636.44786
G1 F2400 X114.88 Y162.12 E638.85044
G1 X114.88 Y139.88 E639.59014
G1 X187.116 Y139.88 E641.99272
G1 X187.116 Y162.116 E642.73229
G0 F7200 X186.916 Y161.546
G1 F2400 X186.546 Y161.916 E642.7497
G0 F7200 X185.98 Y161.916
G1 F2400 X186.916 Y160.981 E642.7937
G0 F7200 X186.916 Y160.415
G1 F2400 X185.415 Y161.916 E642.8643
G0 F7200 X184.849 Y161.916
G1 F2400 X186.916 Y159.849 E642.96153
G0 F7200 X186.916 Y159.284
G1 F2400 X184.283 Y161.916 E643.08535
G0 F7200 X183.718 Y161.916
G1 F2400 X186.916 Y158.718 E643.23578
G0 F7200 X186.916 Y158.152
G1 F2400 X183.152 Y161.916 E643.41282
G0 F7200 X182.586 Y161.916
G1 F2400 X186.916 Y157.587 E643.61647
G0 F7200 X186.916 Y157.021
G1 F2400 X182.021 Y161.916 E643.84672
G0 F7200 X181.455 Y161.916
G1 F2400 X186.916 Y156.455 E644.10358
G0 F7200 X186.916 Y155.889
G1 F2400 X180.889 Y161.916 E644.38708
G0 F7200 X180.324 Y161.916
G1 F2400 X186.916 Y155.324 E644.69714
G0 F7200 X186.916 Y154.758
G1 F2400 X179.758 Y161.916 E645.03383
G0 F7200 X179.192 Y161.916
G1 F2400 X186.916 Y154.192 E645.39715
G0 F7200 X186.916 Y153.627
G1 F2400 X178.626 Y161.916 E645.78706
G0 F7200 X178.061 Y161.916
G1 F2400 X186.916 Y153.061 E646.20357
G0 F7200 X186.916 Y152.495
G1 F2400 X177.495 Y161.916 E646.64671
G0 F7200 X176.929 Y161.916
G1 F2400 X186.916 Y151.93 E647.11644
G0 F7200 X186.916 Y151.364
G1 F2400 X176.363 Y161.917 E647.61282
G0 F7200 X175.797 Y161.917
G1 F2400 X186.916 Y150.798 E648.13583
G0 F7200 X186.916 Y150.233
G1 F2400 X175.232 Y161.917 E648.6854
G0 F7200 X174.666 Y161.917
G1 F2400 X186.916 Y149.667 E649.26161
G0 F7200 X186.916 Y149.101
G1 F2400 X174.1 Y161.917 E649.86443
G0 F7200 X173.535 Y161.917
G1 F2400 X186.916 Y148.536 E650.49383
G0 F7200 X186.916 Y147.97
G1 F2400 X172.969 Y161.917 E651.14986
G0 F7200 X172.403 Y161.917
G1 F2400 X186.916 Y147.404 E651.8325
G0 F7200 X186.916 Y146.839
G1 F2400 X171.838 Y161.917 E652.54173
G0 F7200 X171.272 Y161.917
G1 F2400 X186.916 Y146.273 E653.27757
G0 F7200 X186.916 Y145.707
G1 F2400 X170.706 Y161.917 E654.04004
G0 F7200 X170.14 Y161.917
G1 F2400 X186.916 Y145.141 E654.82913
G0 F7200 X186.916 Y144.576
G1 F2400 X169.575 Y161.917 E655.6448
G0 F7200 X169.009 Y161.917
G1 F2400 X186.916 Y144.01 E656.48709
G0 F7200 X186.916 Y143.444
G1 F2400 X168.443 Y161.917 E657.356
G0 F7200 X167.878 Y161.917
G1 F2400 X186.916 Y142.879 E658.25149
G0 F7200 X186.916 Y142.313
G1 F2400 X167.312 Y161.917 E659.17361
G0 F7200 X166.746 Y161.917
G1 F2400 X186.916 Y141.747 E660.12234
G0 F7200 X186.916 Y141.182
G1 F2400 X166.18 Y161.918 E661.0977
G0 F7200 X165.614 Y161.918
G1 F2400 X186.916 Y140.616 E662.09968
G0 F7200 X186.886 Y140.08
G1 F2400 X165.049 Y161.918 E663.12685
G0 F7200 X164.483 Y161.918
G1 F2400 X186.321 Y140.08 E664.15404
G0 F7200 X185.755 Y140.08
G1 F2400 X163.917 Y161.918 E665.18123
G0 F7200 X163.352 Y161.918
G1 F2400 X185.189 Y140.08 E666.2084
G0 F7200 X184.623 Y140.08
G1 F2400 X162.786 Y161.918 E667.23557
G0 F7200 X162.22 Y161.918
G1 F2400 X184.058 Y140.08 E668.26276
G0 F7200 X183.492 Y140.08
G1 F2400 X161.655 Y161.918 E669.28993
G0 F7200 X161.089 Y161.918
G1 F2400 X182.926 Y140.08 E670.3171
G0 F7200 X182.361 Y140.08
G1 F2400 X160.523 Y161.918 E671.3443
G0 F7200 X159.957 Y161.918
G1 F2400 X181.795 Y140.08 E672.37149
G0 F7200 X181.229 Y140.08
G1 F2400 X159.392 Y161.918 E673.39866
G0 F7200 X158.826 Y161.918
G1 F2400 X180.664 Y140.08 E674.42585
G0 F7200 X180.098 Y140.08
G1 F2400 X158.26 Y161.918 E675.45304
G0 F7200 X157.695 Y161.918
G1 F2400 X179.532 Y140.08 E676.48021
G0 F7200 X178.967 Y140.08
G1 F2400 X157.129 Y161.918 E677.5074
G0 F7200 X156.563 Y161.918
G1 F2400 X178.401 Y140.08 E678.5346
G0 F7200 X177.835 Y140.08
G1 F2400 X155.997 Y161.918 E679.56179
G0 F7200 X155.431 Y161.918
G1 F2400 X177.27 Y140.08 E680.589
G0 F7200 X176.704 Y140.08
G1 F2400 X154.866 Y161.918 E681.6162
G0 F7200 X154.3 Y161.918
G1 F2400 X176.138 Y140.08 E682.64339
G0 F7200 X175.572 Y140.08
G1 F2400 X153.734 Y161.918 E683.67058
G0 F7200 X153.169 Y161.918
G1 F2400 X175.007 Y140.08 E684.69778
G0 F7200 X174.441 Y140.08
G1 F2400 X152.603 Y161.918 E685.72497
G0 F7200 X152.037 Y161.918
G1 F2400 X173.875 Y140.08 E686.75216
G0 F7200 X173.31 Y140.08
G1 F2400 X151.471 Y161.918 E687.77938
G0 F7200 X150.906 Y161.918
G1 F2400 X172.744 Y140.08 E688.80657
G0 F7200 X172.178 Y140.08
G1 F2400 X150.34 Y161.918 E689.83376
G0 F7200 X149.774 Y161.918
G1 F2400 X171.613 Y140.08 E690.86098
G0 F7200 X171.047 Y140.08
G1 F2400 X149.209 Y161.918 E691.88817
G0 F7200 X148.643 Y161.918
G1 F2400 X170.481 Y140.08 E692.91536
G0 F7200 X169.916 Y140.08
G1 F2400 X148.077 Y161.918 E693.94258
G0 F7200 X147.512 Y161.918
G1 F2400 X169.35 Y140.08 E694.96977
G0 F7200 X168.784 Y140.08
G1 F2400 X146.946 Y161.918 E695.99696
G0 F7200 X146.38 Y161.918
G1 F2400 X168.219 Y140.08 E697.02418
G0 F7200 X167.653 Y140.08
G1 F2400 X145.814 Y161.919 E698.05142
G0 F7200 X145.248 Y161.919
G1 F2400 X167.087 Y140.08 E699.07866
G0 F7200 X166.522 Y140.08
G1 F2400 X144.683 Y161.919 E700.1059
G0 F7200 X144.117 Y161.919
G1 F2400 X165.956 Y140.08 E701.13314
G0 F7200 X165.39 Y140.08
G1 F2400 X143.551 Y161.919 E702.16038
G0 F7200 X142.985 Y161.919
G1 F2400 X164.824 Y140.08 E703.18762
G0 F7200 X164.259 Y140.08
G1 F2400 X142.42 Y161.919 E704.21486
G0 F7200 X141.854 Y161.919
G1 F2400 X163.693 Y140.08 E705.2421
G0 F7200 X163.127 Y140.08
G1 F2400 X141.288 Y161.919 E706.26934
G0 F7200 X140.723 Y161.919
G1 F2400 X162.562 Y140.08 E707.29658
G0 F7200 X161.996 Y140.08
G1 F2400 X140.157 Y161.919 E708.32382
G0 F7200 X139.591 Y161.919
G1 F2400 X161.43 Y140.08 E709.35106
G0 F7200 X160.865 Y140.08
G1 F2400 X139.026 Y161.919 E710.37829
G0 F7200 X138.46 Y161.919
G1 F2400 X160.299 Y140.08 E711.40553
G0 F7200 X159.733 Y140.08
G1 F2400 X137.894 Y161.919 E712.43277
G0 F7200 X137.329 Y161.919
G1 F2400 X159.168 Y140.08 E713.46001
G0 F7200 X158.602 Y140.08
G1 F2400 X136.763 Y161.919 E714.48725
G0 F7200 X136.197 Y161.919
G1 F2400 X158.036 Y140.08 E715.51449
G0 F7200 X157.471 Y140.08
G1 F2400 X135.632 Y161.919 E716.54173
G0 F7200 X135.065 Y161.92
G1 F2400 X156.905 Y140.08 E717.56902
G0 F7200 X156.339 Y140.08
G1 F2400 X134.499 Y161.92 E718.59631
G0 F7200 X133.934 Y161.92
G1 F2400 X155.774 Y140.08 E719.62359
G0 F7200 X155.208 Y140.08
G1 F2400 X133.368 Y161.92 E720.65088
G0 F7200 X132.802 Y161.92
G1 F2400 X154.642 Y140.08 E721.67817
G0 F7200 X154.076 Y140.08
G1 F2400 X132.237 Y161.92 E722.70543
G0 F7200 X131.671 Y161.92
G1 F2400 X153.511 Y140.08 E723.73272
G0 F7200 X152.945 Y140.08
G1 F2400 X131.105 Y161.92 E724.76
G0 F7200 X130.54 Y161.92
G1 F2400 X152.379 Y140.08 E725.78727
G0 F7200 X151.814 Y140.08
G1 F2400 X129.974 Y161.92 E726.81455
G0 F7200 X129.408 Y161.92
G1 F2400 X151.248 Y140.08 E727.84184
G0 F7200 X150.682 Y140.08
G1 F2400 X128.843 Y161.92 E728.8691
G0 F7200 X128.277 Y161.92
G1 F2400 X150.117 Y140.08 E729.89639
G0 F7200 X149.551 Y140.08
G1 F2400 X127.711 Y161.92 E730.92367
G0 F7200 X127.146 Y161.92
G1 F2400 X148.985 Y140.08 E731.95094
G0 F7200 X148.42 Y140.08
G1 F2400 X126.58 Y161.92 E732.97822
G0 F7200 X126.014 Y161.92
G1 F2400 X147.854 Y140.08 E734.00551
G0 F7200 X147.288 Y140.08
G1 F2400 X125.449 Y161.92 E735.03277
G0 F7200 X124.882 Y161.92
G1 F2400 X146.723 Y140.08 E736.06008
G0 F7200 X146.157 Y140.08
G1 F2400 X124.316 Y161.92 E737.08739
G0 F7200 X123.751 Y161.92
G1 F2400 X145.591 Y140.08 E738.11468
G0 F7200 X145.025 Y140.08
G1 F2400 X123.185 Y161.92 E739.14197
G0 F7200 X122.619 Y161.92
G1 F2400 X144.46 Y140.08 E740.16928
G0 F7200 X143.894 Y140.08
G1 F2400 X122.054 Y161.92 E741.19656
G0 F7200 X121.488 Y161.92
G1 F2400 X143.328 Y140.08 E742.22385
G0 F7200 X142.763 Y140.08
G1 F2400 X120.922 Y161.92 E743.25116
G0 F7200 X120.357 Y161.92
G1 F2400 X142.197 Y140.08 E744.27845
G0 F7200 X141.631 Y140.08
G1 F2400 X119.791 Y161.92 E745.30573
G0 F7200 X119.225 Y161.92
G1 F2400 X141.066 Y140.08 E746.33304
G0 F7200 X140.5 Y140.08
G1 F2400 X118.66 Y161.92 E747.36033
G0 F7200 X118.094 Y161.92
G1 F2400 X139.934 Y140.08 E748.38762
G0 F7200 X139.369 Y140.08
G1 F2400 X117.528 Y161.92 E749.41493
G0 F7200 X116.963 Y161.92
G1 F2400 X138.803 Y140.08 E750.44222
G0 F7200 X138.237 Y140.08
G1 F2400 X116.397 Y161.92 E751.4695
G0 F7200 X115.831 Y161.92
G1 F2400 X137.672 Y140.08 E752.49681
G0 F7200 X137.106 Y140.08
G1 F2400 X115.265 Y161.92 E753.52412
G0 F7200 X115.08 Y161.54
G1 F2400 X136.54 Y140.08 E754.53353
G0 F7200 X135.975 Y140.08
G1 F2400 X115.08 Y160.974 E755.51635
G0 F7200 X115.08 Y160.409
G1 F2400 X135.409 Y140.08 E756.47256
G0 F7200 X134.843 Y140.08
G1 F2400 X115.08 Y159.843 E757.40215
G0 F7200 X115.08 Y159.277
G1 F2400 X134.277 Y140.08 E758.30512
G0 F7200 X133.712 Y140.08
G1 F2400 X115.08 Y158.712 E759.18151
G0 F7200 X115.08 Y158.146
G1 F2400 X133.146 Y140.08 E760.03128
G0 F7200 X132.58 Y140.08
G1 F2400 X115.08 Y157.58 E760.85443
G0 F7200 X115.08 Y157.014
G1 F2400 X132.015 Y140.08 E761.65098
G0 F7200 X131.449 Y140.08
G1 F2400 X115.08 Y156.449 E762.42092
G0 F7200 X115.08 Y155.883
G1 F2400 X130.883 Y140.08 E763.16425
G0 F7200 X130.318 Y140.08
G1 F2400 X115.08 Y155.317 E763.88097
G0 F7200 X115.08 Y154.752
G1 F2400 X129.752 Y140.08 E764.5711
G0 F7200 X129.186 Y140.08
G1 F2400 X115.08 Y154.186 E765.2346
G0 F7200 X115.08 Y153.62
G1 F2400 X128.621 Y140.08 E765.87151
G0 F7200 X128.055 Y140.08
G1 F2400 X115.08 Y153.055 E766.48181
G0 F7200 X115.08 Y152.489
G1 F2400 X127.489 Y140.08 E767.06549
G0 F7200 X126.924 Y140.08
G1 F2400 X115.08 Y151.923 E767.62257
G0 F7200 X115.08 Y151.358
G1 F2400 X126.358 Y140.08 E768.15306
G0 F7200 X125.792 Y140.08
G1 F2400 X115.08 Y150.792 E768.65692
G0 F7200 X115.08 Y150.226
G1 F2400 X125.226 Y140.08 E769.13415
G0 F7200 X124.661 Y140.08
G1 F2400 X115.08 Y149.661 E769.58481
G0 F7200 X115.08 Y149.095
G1 F2400 X124.095 Y140.08 E770.00885
G0 F7200 X123.529 Y140.08
G1 F2400 X115.08 Y148.529 E770.40627
G0 F7200 X115.08 Y147.964
G1 F2400 X122.964 Y140.08 E770.7771
G0 F7200 X122.398 Y140.08
G1 F2400 X115.08 Y147.398 E771.12132
G0 F7200 X115.08 Y146.832
G1 F2400 X121.832 Y140.08 E771.43891
G0 F7200 X121.267 Y140.08
G1 F2400 X115.08 Y146.266 E771.72991
G0 F7200 X115.08 Y145.701
G1 F2400 X120.701 Y140.08 E771.9943
G0 F7200 X120.135 Y140.08
G1 F2400 X115.08 Y145.135 E772.23207
G0 F7200 X115.08 Y144.569
G1 F2400 X119.57 Y140.08 E772.44325
G0 F7200 X119.004 Y140.08
G1 F2400 X115.08 Y144.004 E772.62782
G0 F7200 X115.08 Y143.438
G1 F2400 X118.438 Y140.08 E772.78577
G0 F7200 X117.873 Y140.08
G1 F2400 X115.08 Y142.872 E772.91712
G0 F7200 X115.08 Y142.307
G1 F2400 X117.307 Y140.08 E773.02187
G0 F7200 X116.741 Y140.08
G1 F2400 X115.08 Y141.741 E773.1
G0 F7200 X115.08 Y141.175
G1 F2400 X116.176 Y140.08 E773.15153
G0 F7200 X115.61 Y140.08
G1 F2400 X115.08 Y140.61 E773.17646
G1 F1500 E766.67646
G1 F600 Z0.9
;MESH:NONMESH
G0 F7200 X115.204 Y139.66 Z0.9
;TIME_ELAPSED:874.741899
;LAYER:4
;MESH:Slide-Body.stl
G0 X115.204 Y139.66 Z1.1
;TYPE:FILL
G1 F600 Z1
G1 F1500 E773.17646
G1 F2400 X137.882 Y162.338 E774.24316
G1 X137.952 Y162.408
G1 F1500 E767.74316
G1 F600 Z1.1
G0 F7200 X134.806 Y162.339 Z1.1
G1 F600 Z1
G1 F1500 E774.24316
G1 F2400 X137.84 Y151.015 E774.63308
G1 X137.865 Y150.919
G1 F1500 E768.13308
G1 F600 Z1.1
G0 F7200 X137.84 Y149.046 Z1.1
G1 F600 Z1
G1 F1500 E774.63308
G1 F2400 X114.66 Y155.257 E775.43125
G1 X114.564 Y155.282
G1 F1500 E768.93125
G1 F600 Z1.1
G0 F7200 X114.659 Y156.086 Z1.1
G1 F600 Z1
G1 F1500 E775.43125
G1 F2400 X120.913 Y162.34 E775.72542
G1 X120.983 Y162.41
G1 F1500 E769.22542
G1 F600 Z1.1
G0 F7200 X122.383 Y162.34 Z1.1
G1 F600 Z1
G1 F1500 E775.72542
G1 F2400 X128.46 Y139.66 E776.50637
G1 X128.485 Y139.564
G1 F1500 E770.00637
G1 F600 Z1.1
G0 F7200 X126.506 Y139.66 Z1.1
G1 F600 Z1
G1 F1500 E776.50637
G1 F2400 X114.66 Y142.834 E776.91427
G1 X114.564 Y142.859
G1 F1500 E770.41427
G1 F600 Z1.1
G0 F7200 X114.661 Y144.794 Z1.1
G1 F600 Z1
G1 F1500 E776.91427
G1 F2400 X116.036 Y139.659 E777.09107
G1 X116.061 Y139.563
G1 F1500 E770.59107
G1 F600 Z1.1
G0 F7200 X122.248 Y139.66 Z1.1
G1 F600 Z1
G1 F1500 E777.09107
G1 F2400 X116.171 Y162.34 E777.87202
G1 X116.146 Y162.436
G1 F1500 E771.37202
G1 F600 Z1.1
G0 F7200 X114.66 Y161.469 Z1.1
G1 F600 Z1
G1 F1500 E777.87202
G1 F2400 X137.839 Y155.258 E778.67016
G1 X137.935 Y155.233
G1 F1500 E772.17016
G1 F600 Z1.1
G0 F7200 X137.841 Y153.811 Z1.1
G1 F600 Z1
G1 F1500 E778.67016
G1 F2400 X123.689 Y139.66 E779.3358
G1 X123.619 Y139.59
G1 F1500 E772.8358
G1 F600 Z1.1
G0 F7200 X132.175 Y139.66 Z1.1
G1 F600 Z1
G1 F1500 E779.3358
G1 F2400 X137.841 Y145.326 E779.60231
G1 X137.911 Y145.396
G1 F1500 E773.10231
G1 F600 Z1.1
G0 F7200 X139.763 Y143.84 Z1.1
G1 F600 Z1
G1 F1500 E779.60231
G1 F2400 X140.883 Y139.66 E779.74624
G0 F7200 X140.66 Y139.66
G1 F2400 X144.84 Y143.84 E779.94286
G1 X144.91 Y143.91
G1 F1500 E773.44286
G1 F600 Z1.1
G0 F7200 X145.974 Y143.84 Z1.1
G1 F600 Z1
G1 F1500 E779.94286
G1 F2400 X147.095 Y139.66 E780.0868
G1 X147.12 Y139.564
G1 F1500 E773.5868
G1 F600 Z1.1
G0 F7200 X149.145 Y139.66 Z1.1
G1 F600 Z1
G1 F1500 E780.0868
G1 F2400 X153.325 Y143.84 E780.28341
G1 X153.395 Y143.91
G1 F1500 E773.78341
G1 F600 Z1.1
G0 F7200 X152.186 Y143.841 Z1.1
G1 F600 Z1
G1 F1500 E780.28341
G1 F2400 X153.306 Y139.659 E780.42741
G1 X153.331 Y139.563
G1 F1500 E773.92741
G1 F600 Z1.1
G0 F7200 X149.688 Y139.66 Z1.1
G1 F600 Z1
G1 F1500 E780.42741
G1 F2400 X114.66 Y149.045 E781.63354
G1 X114.564 Y149.07
G1 F1500 E775.13354
G1 F600 Z1.1
G0 F7200 X114.659 Y147.601 Z1.1
G1 F600 Z1
G1 F1500 E781.63354
G1 F2400 X129.398 Y162.339 E782.32679
G1 X129.468 Y162.409
G1 F1500 E775.82679
G1 F600 Z1.1
G0 F7200 X128.594 Y162.339 Z1.1
G1 F600 Z1
G1 F1500 E782.32679
G1 F2400 X134.671 Y139.659 E783.10774
G1 X134.696 Y139.563
G1 F1500 E776.60774
G1 F600 Z1.1
G0 F7200 X142.138 Y158.159 Z1.1
G1 F600 Z1
G1 F1500 E783.10774
G1 F2400 X141.018 Y162.339 E783.25167
G1 X140.993 Y162.435
G1 F1500 E776.75167
G1 F600 Z1.1
G0 F7200 X142.189 Y158.16 Z1.1
G1 F600 Z1
G1 F1500 E783.25167
G1 F2400 X146.367 Y162.338 E783.44819
G1 X146.437 Y162.408
G0 F7200 X147.229 Y162.338
G1 F2400 X148.349 Y158.16 E783.59206
G1 X148.374 Y158.064
G1 F1500 E777.09206
G1 F600 Z1.1
G0 F7200 X150.191 Y158.16 Z1.1
G1 F600 Z1
G1 F1500 E783.59206
G1 F2400 X134.593 Y162.339 E784.12915
G1 X134.497 Y162.364
G1 F1500 E777.62915
G1 F600 Z1.1
G0 F7200 X150.675 Y158.16 Z1.1
G1 F600 Z1
G1 F1500 E784.12915
G1 F2400 X154.852 Y162.338 E784.32564
G1 X154.922 Y162.408
G1 F1500 E777.82564
G1 F600 Z1.1
G0 F7200 X153.441 Y162.338 Z1.1
G1 F600 Z1
G1 F1500 E784.32564
G1 F2400 X154.561 Y158.159 E784.46954
G1 X154.586 Y158.063
G1 F1500 E777.96954
G1 F600 Z1.1
G0 F7200 X159.16 Y158.16 Z1.1
G1 F600 Z1
G1 F1500 E784.46954
G1 F2400 X163.337 Y162.337 E784.66602
G1 X163.407 Y162.407
G1 F1500 E778.16602
G1 F600 Z1.1
G0 F7200 X165.865 Y162.337 Z1.1
G1 F600 Z1
G1 F1500 E784.66602
G1 F2400 X171.941 Y139.659 E785.44689
G1 X171.966 Y139.563
G1 F1500 E778.94689
G1 F600 Z1.1
G0 F7200 X172.871 Y139.659 Z1.1
G1 F600 Z1
G1 F1500 E785.44689
G1 F2400 X157.267 Y143.84 E785.98419
G1 X157.171 Y143.865
G1 F1500 E779.48419
G1 F600 Z1.1
G0 F7200 X158.398 Y143.841 Z1.1
G1 F600 Z1
G1 F1500 E785.98419
G1 F2400 X159.518 Y139.659 E786.12819
G1 X159.543 Y139.563
G1 F1500 E779.62819
G1 F600 Z1.1
G0 F7200 X157.63 Y139.66 Z1.1
G1 F600 Z1
G1 F1500 E786.12819
G1 F2400 X161.811 Y143.84 E786.32482
G1 X161.881 Y143.91
G1 F1500 E779.82482
G1 F600 Z1.1
G0 F7200 X164.16 Y145.516 Z1.1
G1 F600 Z1
G1 F1500 E786.32482
G1 F2400 X165.729 Y139.66 E786.52647
G0 F7200 X166.116 Y139.66
G1 F2400 X187.336 Y160.88 E787.52459
G0 F7200 X187.335 Y160.63
G1 F2400 X180.967 Y162.337 E787.74387
G0 F7200 X180.306 Y162.335
G1 F2400 X164.16 Y146.189 E788.50333
G1 X164.09 Y146.119
G1 F1500 E782.00333
G1 F600 Z1.1
G0 F7200 X164.161 Y148.205 Z1.1
G1 F600 Z1
G1 F1500 E788.50333
G1 F2400 X187.335 Y141.995 E789.30129
G1 X187.431 Y141.97
G1 F1500 E782.80129
G1 F600 Z1.1
G0 F7200 X187.336 Y143.91 Z1.1
G1 F600 Z1
G1 F1500 E789.30129
G1 F2400 X183.086 Y139.66 E789.5012
G1 X183.016 Y139.59
G1 F1500 E783.0012
G1 F600 Z1.1
G0 F7200 X184.364 Y139.66 Z1.1
G1 F600 Z1
G1 F1500 E789.5012
G1 F2400 X178.288 Y162.337 E790.28204
G1 X178.263 Y162.433
G1 F1500 E783.78204
G1 F600 Z1.1
G0 F7200 X184.5 Y162.337 Z1.1
G1 F600 Z1
G1 F1500 E790.28204
G1 F2400 X187.336 Y151.754 E790.64645
G0 F7200 X187.336 Y152.395
G1 F2400 X174.601 Y139.66 E791.24547
G1 X174.531 Y139.59
G1 F1500 E784.74547
G1 F600 Z1.1
G0 F7200 X178.153 Y139.659 Z1.1
G1 F600 Z1
G1 F1500 E791.24547
G1 F2400 X172.076 Y162.337 E792.02635
G0 F7200 X171.821 Y162.336
G1 F2400 X164.16 Y154.675 E792.3867
G0 F7200 X164.161 Y154.417
G1 F2400 X187.335 Y148.207 E793.18467
G1 X187.431 Y148.182
G1 F1500 E786.68467
G1 F600 Z1.1
G0 F7200 X187.336 Y154.419 Z1.1
G1 F600 Z1
G1 F1500 E793.18467
G1 F2400 X157.779 Y162.338 E794.20241
G1 X157.683 Y162.363
G1 F1500 E787.70241
G1 F600 Z1.1
G0 F7200 X159.653 Y162.338 Z1.1
G1 F600 Z1
G1 F1500 E794.20241
G1 F2400 X160.773 Y158.159 E794.34631
G1 X160.798 Y158.063
G1 F1500 E787.84631
G1 F600 Z1.1
G0 F7200 X187.496 Y162.447 Z1.1
;TYPE:WALL-INNER
G1 F600 Z1
G1 F1500 E794.34631
G1 F3600 X187.496 Y139.5 E795.10953
G1 X114.504 Y139.5 E797.53725
G1 X114.5 Y162.5 E798.30224
G1 X187.469 Y162.496 E800.7292
G1 X187.496 Y162.447 E800.73106
G0 F7200 X187.795 Y162.753
G1 F3600 X187.896 Y162.497 E800.74021
G1 X187.896 Y139.43 E801.50742
G1 X187.773 Y139.222 E801.51546
G1 X187.679 Y139.145 E801.5195
G1 X187.47 Y139.1 E801.52661
G1 X114.456 Y139.1 E803.95507
G1 X114.214 Y139.236 E803.9643
G1 X114.1 Y139.424 E803.97161
G1 X114.1 Y162.543 E804.74055
G1 X114.175 Y162.724 E804.74707
G1 X114.463 Y162.9 E804.7583
G1 X187.542 Y162.896 E807.18891
G1 X187.795 Y162.753 E807.19858
G0 F7200 X187.835 Y163.22
;TYPE:WALL-OUTER
G1 F2400 X188.091 Y163.032 E807.20914
G1 X188.226 Y162.823 E807.21742
G1 X188.296 Y162.547 E807.22689
G1 X188.296 Y139.459 E807.9948
G1 X188.257 Y139.256 E808.00167
G1 X188.081 Y138.957 E808.01321
G1 X187.89 Y138.801 E808.02142
G1 X187.506 Y138.7 E808.03462
G1 X114.392 Y138.7 E810.4664
G1 X114.161 Y138.776 E810.47449
G1 X113.912 Y138.962 E810.48483
G1 X113.746 Y139.237 E810.49551
G1 X113.7 Y139.468 E810.50335
G1 X113.7 Y162.602 E811.27279
G1 X113.853 Y162.969 E811.28601
G1 X114.02 Y163.133 E811.2938
G1 X114.373 Y163.3 E811.30679
G1 X187.607 Y163.296 E813.74256
G1 X187.835 Y163.22 E813.75055
G0 F7200 X187.996 Y163.102
G1 F1500 E807.25055
G1 F600 Z1.1
G0 F7200 X164.02 Y158.02 Z1.1
;TYPE:SKIN
G1 F600 Z1
G1 F1500 E813.75055
G1 F2400 X137.98 Y158.02 E814.61665
G1 X137.98 Y143.98 E815.08362
G1 X164.02 Y143.98 E815.94971
G1 X164.02 Y158.02 E816.41668
G1 F1500 E809.91668
G1 F600 Z1.1
G0 F7200 X163.414 Y144.18 Z1.1
G1 F600 Z1
G1 F1500 E816.41668
G1 F2400 X163.82 Y144.587 E816.4358
G0 F7200 X163.82 Y145.153
G1 F2400 X162.848 Y144.18 E816.48155
G0 F7200 X162.282 Y144.18
G1 F2400 X163.82 Y145.718 E816.55389
G0 F7200 X163.82 Y146.284
G1 F2400 X161.717 Y144.18 E816.65283
G0 F7200 X161.151 Y144.18
G1 F2400 X163.82 Y146.85 E816.7784
G0 F7200 X163.82 Y147.416
G1 F2400 X160.585 Y144.18 E816.93059
G0 F7200 X160.02 Y144.18
G1 F2400 X163.82 Y147.981 E817.10935
G0 F7200 X163.82 Y148.547
G1 F2400 X159.454 Y144.18 E817.31474
G0 F7200 X158.888 Y144.18
G1 F2400 X163.82 Y149.113 E817.54675
G0 F7200 X163.82 Y149.678
G1 F2400 X158.323 Y144.18 E817.80533
G0 F7200 X157.757 Y144.18
G1 F2400 X163.82 Y150.244 E818.09054
G0 F7200 X163.82 Y150.81
G1 F2400 X157.191 Y144.18 E818.40237
G0 F7200 X156.626 Y144.18
G1 F2400 X163.82 Y151.375 E818.74078
G0 F7200 X163.82 Y151.941
G1 F2400 X156.06 Y144.18 E819.10581
G0 F7200 X155.494 Y144.18
G1 F2400 X163.82 Y152.507 E819.49746
G0 F7200 X163.82 Y153.072
G1 F2400 X154.929 Y144.18 E819.91569
G0 F7200 X154.363 Y144.18
G1 F2400 X163.82 Y153.638 E820.36054
G0 F7200 X163.82 Y154.204
G1 F2400 X153.797 Y144.18 E820.83202
G0 F7200 X153.231 Y144.18
G1 F2400 X163.82 Y154.769 E821.33009
G0 F7200 X163.82 Y155.335
G1 F2400 X152.666 Y144.18 E821.85477
G0 F7200 X152.1 Y144.18
G1 F2400 X163.82 Y155.901 E822.40606
G0 F7200 X163.82 Y156.466
G1 F2400 X151.534 Y144.18 E822.98396
G0 F7200 X150.969 Y144.18
G1 F2400 X163.82 Y157.032 E823.58845
G0 F7200 X163.82 Y157.598
G1 F2400 X150.403 Y144.18 E824.21957
G0 F7200 X149.837 Y144.18
G1 F2400 X163.477 Y157.82 E824.86115
G0 F7200 X162.911 Y157.82
G1 F2400 X149.272 Y144.18 E825.50271
G0 F7200 X148.706 Y144.18
G1 F2400 X162.345 Y157.82 E826.14427
G0 F7200 X161.78 Y157.82
G1 F2400 X148.14 Y144.18 E826.78586
G0 F7200 X147.575 Y144.18
G1 F2400 X161.214 Y157.82 E827.42742
G0 F7200 X160.648 Y157.82
G1 F2400 X147.009 Y144.18 E828.06898
G0 F7200 X146.443 Y144.18
G1 F2400 X160.083 Y157.82 E828.71056
G0 F7200 X159.517 Y157.82
G1 F2400 X145.878 Y144.18 E829.35212
G0 F7200 X145.312 Y144.18
G1 F2400 X158.951 Y157.82 E829.99368
G0 F7200 X158.386 Y157.82
G1 F2400 X144.746 Y144.18 E830.63527
G0 F7200 X144.18 Y144.18
G1 F2400 X157.82 Y157.82 E831.27685
G0 F7200 X157.254 Y157.82
G1 F2400 X143.615 Y144.18 E831.91841
G0 F7200 X143.049 Y144.18
G1 F2400 X156.688 Y157.82 E832.55997
G0 F7200 X156.123 Y157.82
G1 F2400 X142.483 Y144.18 E833.20156
G0 F7200 X141.918 Y144.18
G1 F2400 X155.557 Y157.82 E833.84312
G0 F7200 X154.991 Y157.82
G1 F2400 X141.352 Y144.18 E834.48468
G0 F7200 X140.786 Y144.18
G1 F2400 X154.426 Y157.82 E835.12626
G0 F7200 X153.86 Y157.82
G1 F2400 X140.221 Y144.18 E835.76782
G0 F7200 X139.655 Y144.18
G1 F2400 X153.294 Y157.82 E836.40938
G0 F7200 X152.729 Y157.82
G1 F2400 X139.089 Y144.18 E837.05096
G0 F7200 X138.524 Y144.18
G1 F2400 X152.163 Y157.82 E837.69252
G0 F7200 X151.597 Y157.82
G1 F2400 X138.18 Y144.403 E838.32362
G0 F7200 X138.18 Y144.968
G1 F2400 X151.032 Y157.82 E838.92814
G0 F7200 X150.466 Y157.82
G1 F2400 X138.18 Y145.534 E839.50603
G0 F7200 X138.18 Y146.1
G1 F2400 X149.9 Y157.82 E840.05731
G0 F7200 X149.335 Y157.82
G1 F2400 X138.18 Y146.665 E840.582
G0 F7200 X138.18 Y147.231
G1 F2400 X148.769 Y157.82 E841.08008
G0 F7200 X148.203 Y157.82
G1 F2400 X138.18 Y147.797 E841.55153
G0 F7200 X138.18 Y148.362
G1 F2400 X147.638 Y157.82 E841.9964
G0 F7200 X147.072 Y157.82
G1 F2400 X138.18 Y148.928 E842.41466
G0 F7200 X138.18 Y149.494
G1 F2400 X146.506 Y157.82 E842.80629
G0 F7200 X145.94 Y157.82
G1 F2400 X138.18 Y150.059 E843.17132
G0 F7200 X138.18 Y150.625
G1 F2400 X145.375 Y157.82 E843.50975
G0 F7200 X144.809 Y157.82
G1 F2400 X138.18 Y151.191 E843.82155
G0 F7200 X138.18 Y151.756
G1 F2400 X144.243 Y157.82 E844.10676
G0 F7200 X143.678 Y157.82
G1 F2400 X138.18 Y152.322 E844.36537
G0 F7200 X138.18 Y152.888
G1 F2400 X143.112 Y157.82 E844.59736
G0 F7200 X142.546 Y157.82
G1 F2400 X138.18 Y153.453 E844.80274
G0 F7200 X138.18 Y154.019
G1 F2400 X141.981 Y157.82 E844.98153
G0 F7200 X141.415 Y157.82
G1 F2400 X138.18 Y154.585 E845.1337
G0 F7200 X138.18 Y155.151
G1 F2400 X140.849 Y157.82 E845.25924
G0 F7200 X140.284 Y157.82
G1 F2400 X138.18 Y155.716 E845.3582
G0 F7200 X138.18 Y156.282
G1 F2400 X139.718 Y157.82 E845.43055
G0 F7200 X139.152 Y157.82
G1 F2400 X138.18 Y156.848 E845.47627
G0 F7200 X138.18 Y157.413
G1 F2400 X138.587 Y157.82 E845.49541
G1 F1500 E838.99541
G1 F600 Z1.1
;MESH:NONMESH
G0 F7200 X115.252 Y139.7 Z1.1
;TIME_ELAPSED:948.361471
;LAYER:5
;MESH:Slide-Body.stl
G0 X115.252 Y139.7 Z1.3
;TYPE:FILL
G1 F600 Z1.2
G1 F1500 E845.49541
G1 F2400 X115.447 Y141.312 E845.54942
G1 X115.459 Y141.411
G1 F1500 E839.04942
G1 F600 Z1.3
G0 F7200 X116.144 Y140.4 Z1.3
G1 F600 Z1.2
G1 F1500 E845.54942
G1 F2400 X138.082 Y162.338 E846.58131
G0 F7200 X137.896 Y161.6
G1 F2400 X135.137 Y162.339 E846.67631
G0 F7200 X134.66 Y162.339
G1 F2400 X134.857 Y161.6 E846.70175
G1 X128.859 Y161.6 E846.90124
G1 X129.597 Y162.339 E846.93598
G1 X129.667 Y162.409
G1 F1500 E840.43598
G1 F600 Z1.3
G0 F7200 X128.859 Y161.6 Z1.3
G1 F600 Z1.2
G1 F1500 E846.93598
G1 F2400 X115.2 Y147.943 E847.57841
G1 X115.2 Y149.047 E847.61513
G1 X114.66 Y149.191 E847.63372
G1 F1500 E841.13372
G1 F600 Z1.3
G0 F7200 X115.2 Y147.943 Z1.3
G1 F600 Z1.2
G1 F1500 E847.63372
G1 F2400 X115.2 Y142.835 E847.80361
G1 X124.29 Y140.4 E848.11661
G1 X121.904 Y140.4 E848.19596
G1 X116.223 Y161.6 E848.92596
G1 X114.719 Y161.6 E848.97598
G1 X115.2 Y161.471 E848.99254
G1 X115.2 Y156.429 E849.16024
G1 X114.659 Y155.887 E849.18571
G0 F7200 X114.66 Y155.403
G1 F2400 X115.2 Y155.258 E849.20431
G1 X115.2 Y156.427 E849.24319
G1 X120.374 Y161.6 E849.48654
G1 X122.434 Y161.6 E849.55505
G1 X128.117 Y140.4 E850.28506
G1 X133.113 Y140.4 E850.45123
G1 X137.2 Y144.487 E850.64347
G1 X137.2 Y149.363 E850.80565
G1 X115.2 Y155.259 E851.56319
G1 X115.2 Y155.258
G1 X115.2 Y149.046 E851.7698
G1 X138.396 Y142.829 E852.56853
G0 F7200 X138.988 Y142.671
G1 F2400 X138.396 Y142.829 E852.58891
G1 X137.24 Y144.525 E852.65718
G1 X137.528 Y144.812 E852.6707
G0 F7200 X137.24 Y144.525
G1 F2400 X137.2 Y144.487 E852.67254
G1 F1500 E846.17254
G1 F600 Z1.3
G0 F7200 X137.84 Y145.126 Z1.3
G1 F600 Z1.2
G1 F1500 E852.67254
G1 F2400 X137.528 Y144.812 E852.68726
G1 X138.988 Y142.671 E852.77345
G1 X147.468 Y140.4 E853.06544
G1 X146.778 Y140.4 E853.08839
G1 X146.75 Y140.4
G1 X145.999 Y143.2 E853.18481
G1 X146 Y143.2
G1 X144.4 Y143.2 E853.23802
G1 X145.039 Y143.84 E853.2681
G0 F7200 X145.828 Y143.84
G1 F2400 X146 Y143.2 E853.29014
G1 X152.211 Y143.2 E853.49672
G1 X152.963 Y140.4 E853.59315
G1 X158.569 Y140.4 E853.77961
G1 X161.307 Y143.138 E853.9084
G1 X164.63 Y143.218 E854.01895
G1 X165.386 Y140.4 E854.11599
G1 X167.054 Y140.4 E854.17147
G1 X186.8 Y160.144 E855.10021
G0 F7200 X187.336 Y160.681
G1 F2400 X186.8 Y160.144 E855.12545
G1 X186.8 Y154.708 E855.30625
G1 X187.336 Y154.565 E855.3247
G1 X187.296 Y154.4
G1 X186.481 Y154.4 E855.35181
G0 F7200 X186.8 Y154.708
G1 F2400 X161.082 Y161.6 E856.23738
G1 X162.798 Y161.6 E856.29445
G1 X163.536 Y162.337 E856.32914
G1 X163.606 Y162.407
G1 F1500 E849.82914
G1 F600 Z1.3
G0 F7200 X162.8 Y161.6 Z1.3
G1 F600 Z1.3
G0 F7200 X161.082 Y161.6
G1 F600 Z1.2
G1 F1500 E856.32914
G1 F2400 X158.325 Y162.338 E856.42407
G1 X158.229 Y162.363
G1 F1500 E849.92407
G1 F600 Z1.3
G0 F7200 X159.507 Y162.338 Z1.3
G1 F600 Z1.2
G1 F1500 E856.42407
G1 F2400 X159.704 Y161.6 E856.44947
G1 F1500 E849.94947
G1 F600 Z1.3
G0 F7200 X161.328 Y160.129 Z1.3
G1 F600 Z1.2
G1 F1500 E856.44947
G1 F2400 X161.041 Y159.841 E856.463
G1 X166.043 Y156.358 E856.66572
G1 X164.16 Y154.475 E856.75429
G1 X164.16 Y154.563
G1 X164.8 Y154.392 E856.77633
G1 X164.8 Y148.179 E856.98297
G1 X187.335 Y142.141 E857.75893
G1 X187.296 Y142
G1 X185.627 Y142 E857.81444
G0 F7200 X185.227 Y141.6
G1 F2400 X187.296 Y141.6 E857.88325
G0 F7200 X187.296 Y140.8
G1 F2400 X184.427 Y140.8 E857.97868
G0 F7200 X184.027 Y140.4
G1 F2400 X187.296 Y140.4 E858.0874
G1 X187.396 Y140.4
G1 F1500 E851.5874
G1 F600 Z1.3
G0 F7200 X187.296 Y142.8 Z1.3
G1 F600 Z1.2
G1 F1500 E858.0874
G1 F2400 X186.427 Y142.8 E858.11631
G0 F7200 X186.8 Y143.175
G1 F2400 X187.336 Y143.71 E858.14149
G1 F1500 E851.64149
G1 F600 Z1.3
G0 F7200 X187.336 Y148.353 Z1.3
G1 F600 Z1.2
G1 F1500 E858.14149
G1 F2400 X186.8 Y148.496 E858.15995
G1 X186.8 Y151.659 E858.26515
G1 X175.539 Y140.4 E858.79478
G1 X171.598 Y140.4 E858.92586
G1 X165.916 Y161.6 E859.65586
G1 X162.8 Y161.6 E859.7595
G1 X161.328 Y160.129 E859.82872
G1 X166.33 Y156.645 E860.03146
G1 X166.043 Y156.358 E860.04496
G0 F7200 X166.33 Y156.645
G1 F2400 X171.284 Y161.6 E860.27801
G1 X171.354 Y161.67
G0 F7200 X172.128 Y161.6
G1 F2400 X177.81 Y140.4 E861.00801
G1 X184.021 Y140.4 E861.21459
G1 X184.219 Y139.659 E861.2401
G0 F7200 X184.021 Y140.4
G1 F2400 X178.338 Y161.6 E861.97011
G1 X172.128 Y161.6 E862.17665
G1 X171.93 Y162.337 E862.20203
G1 X172.021 Y162.336
G1 X171.284 Y161.6 E862.23668
G1 X165.917 Y161.6 E862.41518
G1 X165.719 Y162.338 E862.4406
G0 F7200 X165.916 Y161.6
G1 F1500 E855.9406
G1 F600 Z1.3
G0 F7200 X162.698 Y158.2 Z1.3
G1 F600 Z1.2
G1 F1500 E862.4406
G1 F2400 X160.753 Y159.554 E862.51942
G0 F7200 X160.466 Y159.267
G1 F2400 X161.999 Y158.2 E862.58154
G1 X162.081 Y158.143
G1 F1500 E856.08154
G1 F600 Z1.3
G0 F7200 X160.626 Y158.16 Z1.3
G1 F600 Z1.2
G1 F1500 E862.58154
G1 F2400 X159.704 Y161.6 E862.7
G1 X154.315 Y161.6 E862.87923
G1 X151.513 Y158.8 E863.01099
G1 X148.347 Y158.8 E863.11629
G1 X150.736 Y158.16 E863.19855
G1 X150.874 Y158.16
G1 X151.515 Y158.8 E863.22867
G1 X154.243 Y158.8 E863.31941
G1 X154.415 Y158.16 E863.34145
G0 F7200 X154.244 Y158.8
G1 F1500 E856.84145
G1 F600 Z1.3
G0 F7200 X151.515 Y158.8 Z1.3
G1 F600 Z1.3
G0 F7200 X148.347 Y158.8
G1 F600 Z1.2
G1 F1500 E863.34145
G1 F2400 X137.896 Y161.6 E863.70131
G1 X141.07 Y161.6 E863.80688
G1 X141.821 Y158.8 E863.9033
G1 X143.028 Y158.8 E863.94344
G1 X145.829 Y161.6 E864.07517
G1 X147.28 Y161.6 E864.12343
G1 X148.032 Y158.8 E864.21986
G0 F7200 X148.203 Y158.16
G1 F2400 X148.032 Y158.8 E864.24189
G1 X143.029 Y158.8 E864.40829
G1 X142.389 Y158.16 E864.4384
G0 F7200 X141.992 Y158.159
G1 F2400 X141.844 Y158.707 E864.45728
G1 X141.821 Y158.8
G1 X141.844 Y158.707 E864.46046
G1 X135.7 Y158.456 E864.66498
G1 X137.84 Y150.471 E864.93994
G1 X137.865 Y150.375
G1 F1500 E858.43994
G1 F600 Z1.3
G0 F7200 X137.84 Y149.192 Z1.3
G1 F600 Z1.2
G1 F1500 E864.93994
G1 F2400 X137.2 Y149.363 E864.96197
G1 X137.2 Y152.729 E865.07392
G0 F7200 X137.2 Y153.153
G1 F2400 X137.2 Y155.575 E865.15448
G0 F7200 X137.839 Y155.404
G1 F2400 X115.2 Y161.471 E865.93403
G0 F7200 X114.719 Y161.6
G1 F2400 X114.66 Y161.615 E865.93605
G1 F1500 E859.43605
G1 F600 Z1.3
G0 F7200 X116.025 Y162.34 Z1.3
G1 F600 Z1.2
G1 F1500 E865.93605
G1 F2400 X116.224 Y161.6 E865.96154
G1 X120.372 Y161.6 E866.0995
G1 X121.113 Y162.34 E866.13433
G1 X121.183 Y162.41
G1 F1500 E859.63433
G1 F600 Z1.3
G0 F7200 X120.374 Y161.6 Z1.3
G1 F600 Z1.3
G0 F7200 X122.236 Y162.34
G1 F600 Z1.2
G1 F1500 E866.13433
G1 F2400 X122.435 Y161.6 E866.15982
G1 X122.434 Y161.6
G1 X128.646 Y161.6 E866.36643
G1 X128.448 Y162.339 E866.39188
G0 F7200 X128.646 Y161.6
G1 F2400 X134.327 Y140.4 E867.12187
G1 X140.538 Y140.4 E867.32845
G1 X140.737 Y139.659 E867.35397
G1 X140.859 Y139.66
G1 X141.6 Y140.4 E867.3888
G1 X146.75 Y140.4 E867.56009
G1 X146.949 Y139.66 E867.58558
G1 X146.974 Y139.564
G1 F1500 E861.08558
G1 F600 Z1.3
G0 F7200 X149.344 Y139.66 Z1.3
G1 F600 Z1.2
G1 F1500 E867.58558
G1 F2400 X150.085 Y140.4 E867.62041
G1 X152.961 Y140.4 E867.71606
G1 X153.16 Y139.66 E867.74155
G0 F7200 X152.963 Y140.4
G1 F1500 E861.24155
G1 F600 Z1.3
G0 F7200 X152.885 Y143.2 Z1.3
G1 F600 Z1.2
G1 F1500 E867.74155
G1 F2400 X153.524 Y143.84 E867.77163
G1 X153.594 Y143.91
G1 F1500 E861.27163
G1 F600 Z1.3
G0 F7200 X152.211 Y143.2 Z1.3
G1 F600 Z1.2
G1 F1500 E867.77163
G1 F2400 X152.04 Y143.841 E867.79369
G1 F1500 E861.29369
G1 F600 Z1.3
G0 F7200 X150.085 Y140.4 Z1.3
G0 X150.234 Y139.659
G1 F600 Z1.2
G1 F1500 E867.79369
G1 F2400 X147.468 Y140.4 E867.88894
G1 X150.083 Y140.4 E867.97591
G1 X152.885 Y143.2 E868.10766
G1 X158.423 Y143.2 E868.29186
G1 X159.174 Y140.4 E868.38828
G1 X165.385 Y140.4 E868.59486
G1 X165.584 Y139.659 E868.62037
G0 F7200 X166.315 Y139.66
G1 F2400 X167.056 Y140.4 E868.65521
G1 X170.652 Y140.4 E868.77481
G1 X160.203 Y143.2 E869.13461
G0 F7200 X160.8 Y143.04
G1 F2400 X160.8 Y143.8 E869.15988
G1 F1500 E862.65988
G1 F600 Z1.3
G0 F7200 X161.307 Y143.138 Z1.3
G1 F600 Z1.2
G1 F1500 E869.15988
G1 F2400 X162.009 Y143.84 E869.1929
G1 X162.079 Y143.91
G1 F1500 E862.6929
G1 F600 Z1.3
G0 F7200 X164.16 Y144.972 Z1.3
G1 F600 Z1.2
G1 F1500 E869.1929
G1 F2400 X164.505 Y143.687 E869.23716
G1 X164.589 Y146.418 E869.32803
G1 X164.8 Y146.631 E869.338
G1 X164.8 Y148.18 E869.38952
G1 X164.161 Y148.351 E869.41153
G0 F7200 X164.8 Y148.18
G1 F1500 E862.91153
G1 F600 Z1.3
G0 F7200 X164.8 Y146.631 Z1.3
G1 F600 Z1.2
G1 F1500 E869.41153
G1 F2400 X179.769 Y161.6 E870.11562
G1 X178.34 Y161.6 E870.16315
G1 X178.142 Y162.336 E870.1885
G1 F1500 E863.6885
G1 F600 Z1.3
G0 F7200 X179.769 Y161.6 Z1.3
G1 F600 Z1.3
G0 F7200 X180.505 Y162.335
G1 F600 Z1.2
G1 F1500 E870.1885
G1 F2400 X179.771 Y161.6 E870.22305
G1 X184.259 Y161.6 E870.37232
G1 X187.335 Y160.776 E870.47824
G0 F7200 X186.8 Y160.919
G1 F2400 X186.8 Y162.296 E870.52403
G0 F7200 X186 Y162.296
G1 F2400 X186 Y161.134 E870.56268
G0 F7200 X185.6 Y161.241
G1 F2400 X185.6 Y162.296 E870.59777
G0 F7200 X184.8 Y162.296
G1 F2400 X184.8 Y161.455 E870.62574
G0 F7200 X184.259 Y161.6
G1 F2400 X181.512 Y162.337 E870.72034
G1 X181.416 Y162.362
G1 F1500 E864.22034
G1 F600 Z1.3
G0 F7200 X184.354 Y162.336 Z1.3
G1 F600 Z1.2
G1 F1500 E870.72034
G1 F2400 X186.8 Y153.209 E871.03462
G1 X186.8 Y151.661 E871.0861
G1 X187.336 Y152.196 E871.11129
G1 X187.406 Y152.266
G1 F1500 E864.61129
G1 F600 Z1.3
G0 F7200 X187.336 Y151.208 Z1.3
G1 F600 Z1.2
G1 F1500 E871.11129
G1 F2400 X186.8 Y153.209 E871.18019
G1 X186.775 Y153.305
G1 F1500 E864.68019
G1 F600 Z1.3
G0 F7200 X186.8 Y148.497 Z1.3
G1 F600 Z1.3
G0 F7200 X183.286 Y139.66
G1 F600 Z1.2
G1 F1500 E871.18019
G1 F2400 X186.8 Y143.175 E871.3455
G1 X186.8 Y148.497 E871.52251
G1 X164.8 Y154.392 E872.28005
G1 X164.704 Y154.417
G1 F1500 E865.78005
G1 F600 Z1.3
G0 F7200 X165.181 Y155.496 Z1.3
G1 F600 Z1.2
G1 F1500 E872.28005
G1 F2400 X164.201 Y156.179 E872.31978
G0 F7200 X164.2 Y156.666
G1 F2400 X165.468 Y155.783 E872.37117
G0 F7200 X165.756 Y156.07
G1 F2400 X164.185 Y157.164 E872.43485
G1 X164.103 Y157.221
G1 F1500 E865.93485
G1 F600 Z1.3
G0 F7200 X161.041 Y159.841 Z1.3
G1 F600 Z1.2
G1 F1500 E872.43485
G1 F2400 X159.998 Y158.8 E872.48386
G1 X154.244 Y158.8 E872.67524
G1 X153.492 Y161.6 E872.77167
G1 X147.282 Y161.6 E872.97821
G1 X147.083 Y162.339 E873.00367
G0 F7200 X146.566 Y162.338
G1 F2400 X145.827 Y161.6 E873.0384
G1 X141.071 Y161.6 E873.19659
G1 X140.872 Y162.339 E873.22204
G0 F7200 X141.07 Y161.6
G1 F1500 E866.72204
G1 F600 Z1.3
G0 F7200 X143.028 Y158.8 Z1.3
G1 F600 Z1.3
G0 F7200 X145.827 Y161.6
G1 F600 Z1.3
G0 F7200 X147.28 Y161.6
G1 F600 Z1.3
G0 F7200 X153.295 Y162.338
G1 F600 Z1.2
G1 F1500 E873.22204
G1 F2400 X153.494 Y161.6 E873.24747
G1 X154.313 Y161.6 E873.27471
G1 X155.052 Y162.338 E873.30944
G1 X155.122 Y162.408
G1 F1500 E866.80944
G1 F600 Z1.3
G0 F7200 X154.315 Y161.6 Z1.3
G1 F600 Z1.3
G0 F7200 X153.494 Y161.6
G1 F600 Z1.3
G0 F7200 X159.359 Y158.16
G1 F600 Z1.2
G1 F1500 E873.30944
G1 F2400 X159.998 Y158.8 E873.33952
G1 X160.068 Y158.87
G1 F1500 E866.83952
G1 F600 Z1.3
G0 F7200 X164.589 Y146.418 Z1.3
G1 F600 Z1.2
G1 F1500 E873.33952
G1 F2400 X164.16 Y145.99 E873.35968
G1 F1500 E866.85968
G1 F600 Z1.3
G0 F7200 X164.505 Y143.687 Z1.3
G1 F600 Z1.2
G1 F1500 E873.35968
G1 F2400 X164.63 Y143.218 E873.37582
G1 F1500 E866.87582
G1 F600 Z1.3
G0 F7200 X165.385 Y140.4 Z1.3
G1 F600 Z1.3
G0 F7200 X167.054 Y140.4
G1 F600 Z1.3
G0 F7200 X170.652 Y140.4
G1 F600 Z1.2
G1 F1500 E873.37582
G1 F2400 X173.416 Y139.66 E873.47099
G1 X173.512 Y139.635
G1 F1500 E866.97099
G1 F600 Z1.3
G0 F7200 X174.8 Y139.66 Z1.3
G1 F600 Z1.2
G1 F1500 E873.47099
G1 F2400 X175.541 Y140.4 E873.50582
G1 X177.808 Y140.4 E873.58122
G1 X178.007 Y139.659 E873.60674
G0 F7200 X177.81 Y140.4
G1 F1500 E867.10674
G1 F600 Z1.3
G0 F7200 X175.541 Y140.4 Z1.3
G1 F600 Z1.3
G0 F7200 X171.795 Y139.66
G1 F600 Z1.2
G1 F1500 E873.60674
G1 F2400 X171.598 Y140.4 E873.63221
G1 F1500 E867.13221
G1 F600 Z1.3
G0 F7200 X159.372 Y139.659 Z1.3
G1 F600 Z1.2
G1 F1500 E873.63221
G1 F2400 X159.174 Y140.4 E873.65772
G1 X158.571 Y140.4 E873.67778
G1 X157.83 Y139.66 E873.71261
G1 X157.76 Y139.59
G1 F1500 E867.21261
G1 F600 Z1.3
G0 F7200 X158.569 Y140.4 Z1.3
G0 X159.174 Y140.4
G1 F600 Z1.3
G0 F7200 X158.423 Y143.2
G0 X158.252 Y143.841
G1 F600 Z1.2
G1 F1500 E873.71261
G1 F2400 X158.423 Y143.2 E873.73467
G1 X160.203 Y143.2 E873.79388
G1 X157.814 Y143.84 E873.87614
G1 X157.718 Y143.865
G1 F1500 E867.37614
G1 F600 Z1.3
G0 F7200 X144.4 Y143.2 Z1.3
G1 F600 Z1.2
G1 F1500 E873.87614
G1 F2400 X144.398 Y143.2
G1 X141.598 Y140.4 E874.00784
G1 X140.539 Y140.4 E874.04306
G1 X139.789 Y143.2 E874.13947
G1 X144.398 Y143.2 E874.29277
G1 X141.7 Y140.4
G1 F1500 E867.79277
G1 F600 Z1.3
G0 F7200 X139.789 Y143.2 Z1.3
G1 F600 Z1.2
G1 F1500 E874.29277
G1 F2400 X139.617 Y143.841 E874.31484
G1 F1500 E867.81484
G1 F600 Z1.3
G0 F7200 X138.668 Y143.85 Z1.3
G1 F600 Z1.2
G1 F1500 E874.31484
G1 F2400 X139.58 Y142.512 E874.3687
G1 X139.636 Y142.43
G1 F1500 E867.8687
G1 F600 Z1.3
G0 F7200 X140.538 Y140.4 Z1.3
G1 F600 Z1.3
G0 F7200 X134.525 Y139.659
G1 F600 Z1.2
G1 F1500 E874.3687
G1 F2400 X134.326 Y140.4 E874.39422
G1 X133.115 Y140.4 E874.4345
G1 X132.374 Y139.66 E874.46933
G1 X132.304 Y139.59
G1 F1500 E867.96933
G1 F600 Z1.3
G0 F7200 X133.113 Y140.4 Z1.3
G1 F600 Z1.3
G0 F7200 X134.326 Y140.4
G1 F600 Z1.3
G0 F7200 X128.314 Y139.66
G1 F600 Z1.2
G1 F1500 E874.46933
G1 F2400 X128.117 Y140.4 E874.4948
G1 X128.115 Y140.4
G1 X124.75 Y140.4 E874.60672
G0 F7200 X124.29 Y140.4
G1 F2400 X127.051 Y139.66 E874.70179
G1 X127.147 Y139.635
G1 F1500 E868.20179
G1 F600 Z1.3
G0 F7200 X123.889 Y139.66 Z1.3
G1 F600 Z1.2
G1 F1500 E874.70179
G1 F2400 X137.84 Y153.611 E875.358
G1 X137.91 Y153.681
G1 F1500 E868.858
G1 F600 Z1.3
G0 F7200 X137.8 Y156.14 Z1.3
G1 F600 Z1.2
G1 F1500 E875.358
G1 F2400 X136.337 Y156.08 E875.4067
G0 F7200 X136.23 Y156.476
G1 F2400 X137.8 Y156.54 E875.45897
G0 F7200 X137.8 Y156.94
G1 F2400 X136.124 Y156.872 E875.51476
G1 X136.025 Y156.868
G1 F1500 E869.01476
G1 F600 Z1.3
G0 F7200 X135.7 Y158.456 Z1.3
G1 F600 Z1.2
G1 F1500 E875.51476
G1 F2400 X134.857 Y161.6 E875.62302
G1 X134.859 Y161.6
G1 X137.279 Y161.6 E875.70351
G1 X137.379 Y161.6
G1 F1500 E869.20351
G1 F600 Z1.3
G0 F7200 X116.224 Y161.6 Z1.3
G1 F600 Z1.3
G0 F7200 X115.2 Y147.941
G1 F600 Z1.2
G1 F1500 E875.70351
G1 F2400 X114.659 Y147.401 E875.72893
G1 F1500 E869.22893
G1 F600 Z1.3
G0 F7200 X114.66 Y144.249 Z1.3
G1 F600 Z1.2
G1 F1500 E875.72893
G1 F2400 X115.89 Y139.659 E875.88698
G0 F7200 X115.403 Y139.66
G1 F2400 X116.144 Y140.4 E875.92181
G1 X121.903 Y140.4 E876.11336
G1 X122.102 Y139.659 E876.13888
G0 F7200 X121.904 Y140.4
G1 F1500 E869.63888
G1 F600 Z1.3
G0 F7200 X115.2 Y142.835 Z1.3
G1 F600 Z1.2
G1 F1500 E876.13888
G1 F2400 X114.66 Y142.98 E876.15747
G1 F1500 E869.65747
G1 F600 Z1.3
G0 F7200 X163.471 Y157.883 Z1.3
;TYPE:WALL-INNER
G1 F600 Z1.2
G1 F1500 E876.15747
G1 F3600 X163.247 Y157.97 E876.16547
G1 X163 Y158 E876.17374
G1 X139 Y158 E876.97199
G1 X138.753 Y157.97 E876.98026
G1 X138.529 Y157.883 E876.98825
G1 X138.342 Y157.754 E876.99581
G1 X138.101 Y157.439 E877.009
G1 X138 Y157.095 E877.02093
G1 X138 Y144.905 E877.42637
G1 X138.101 Y144.561 E877.43829
G1 X138.342 Y144.246 E877.45148
G1 X138.529 Y144.117 E877.45904
G1 X138.754 Y144.03 E877.46706
G1 X139 Y144 E877.4753
G1 X163 Y144 E878.27355
G1 X163.247 Y144.03 E878.28182
G1 X163.471 Y144.117 E878.28982
G1 X163.658 Y144.246 E878.29737
G1 X163.899 Y144.561 E878.31056
G1 X164 Y144.905 E878.32249
G1 X164 Y157.096 E878.72796
G1 X163.899 Y157.439 E878.73985
G1 X163.658 Y157.754 E878.75305
G1 X163.471 Y157.883 E878.7606
G0 F7200 X163.395 Y157.453
G1 F3600 X163.081 Y157.6 E878.77213
G1 X138.886 Y157.6 E879.57686
G1 X138.605 Y157.452 E879.58743
G1 X138.46 Y157.264 E879.59532
G1 X138.405 Y157.08 E879.60171
G1 X138.405 Y144.92 E880.00615
G1 X138.46 Y144.736 E880.01254
G1 X138.605 Y144.547 E880.02046
G1 X138.919 Y144.4 E880.03199
G1 X163.114 Y144.4 E880.83672
G1 X163.395 Y144.547 E880.84727
G1 X163.54 Y144.737 E880.85522
G1 X163.595 Y144.92 E880.86158
G1 X163.595 Y157.08 E881.26602
G1 X163.54 Y157.264 E881.27241
G1 X163.395 Y157.453 E881.28033
G1 F1500 E874.78033
G1 F600 Z1.3
G0 F7200 X187.496 Y162.489 Z1.3
G1 F600 Z1.2
G1 F1500 E881.28033
G1 F3600 X187.49 Y139.5 E882.04495
G1 X114.504 Y139.5 E884.47247
G1 X114.507 Y162.5 E885.23745
G1 X187.496 Y162.489 E887.66508
G0 F7200 X187.775 Y162.784
G1 F3600 X187.856 Y162.659 E887.67003
G1 X187.896 Y162.493 E887.67571
G1 X187.896 Y139.507 E888.44023
G1 X187.845 Y139.308 E888.44706
G1 X187.62 Y139.128 E888.45665
G1 X187.473 Y139.1 E888.46162
G1 X114.456 Y139.1 E890.89018
G1 X114.214 Y139.236 E890.89941
G1 X114.1 Y139.424 E890.90672
G1 X114.101 Y162.49 E891.6739
G1 X114.128 Y162.633 E891.67874
G1 X114.211 Y162.773 E891.68416
G1 X114.335 Y162.853 E891.68906
G1 X114.543 Y162.9 E891.69616
G1 X187.49 Y162.896 E894.12238
G1 X187.775 Y162.784 E894.13257
G0 F7200 X187.768 Y163.249
;TYPE:WALL-OUTER
G1 F2400 X188.082 Y163.045 E894.14502
G1 X188.229 Y162.819 E894.15399
G1 X188.296 Y162.54 E894.16353
G1 X188.296 Y139.468 E894.93091
G1 X188.185 Y139.092 E894.94395
G1 X188.025 Y138.9 E894.95226
G1 X187.761 Y138.747 E894.96241
G1 X187.509 Y138.7 E894.97094
G1 X114.392 Y138.7 E897.40282
G1 X114.161 Y138.776 E897.41091
G1 X113.912 Y138.962 E897.42124
G1 X113.746 Y139.237 E897.43193
G1 X113.7 Y139.468 E897.43976
G1 X113.701 Y162.528 E898.20674
G1 X113.747 Y162.768 E898.21487
G1 X113.951 Y163.081 E898.22729
G1 X114.179 Y163.228 E898.23632
G1 X114.499 Y163.3 E898.24723
G1 X187.528 Y163.296 E900.67618
G1 X187.768 Y163.249 E900.68432
G0 F7200 X187.935 Y163.14
G1 F1500 E894.18432
G1 F600 Z1.3
G0 F7200 X163.199 Y157.027 Z1.3
G1 F600 Z1.2
G1 F1500 E900.68432
G1 F2400 X163.132 Y157.151 E900.689
G1 X163.035 Y157.198 E900.69259
G1 X138.95 Y157.194 E901.49366
G1 X138.84 Y157.121 E901.49805
G1 X138.801 Y157.027 E901.50143
G1 X138.807 Y144.943 E901.90335
G1 X138.965 Y144.802 E901.91039
G1 X163.05 Y144.806 E902.71146
G1 X163.16 Y144.879 E902.71585
G1 X163.199 Y144.973 E902.71924
G1 X163.199 Y157.027 E903.12016
G0 F7200 X163.132 Y157.151
G0 X163.08 Y157.176
G1 F1500 E896.62016
G1 F600 Z1.3
;MESH:NONMESH
G0 F7200 X163.471 Y157.883 Z1.3
;TIME_ELAPSED:1017.079410
;LAYER:6
;MESH:Slide-Body.stl
G0 X163.471 Y157.883 Z1.5
;TYPE:WALL-INNER
G1 F600 Z1.4
G1 F1500 E903.12016
G1 F3600 X163.246 Y157.97 E903.12818
G1 X163 Y158 E903.13642
G1 X139 Y158 E903.93467
G1 X138.753 Y157.97 E903.94294
G1 X138.529 Y157.883 E903.95093
G1 X138.342 Y157.754 E903.95849
G1 X138.101 Y157.439 E903.97168
G1 X138 Y157.096 E903.98357
G1 X138 Y144.905 E904.38905
G1 X138.101 Y144.561 E904.40097
G1 X138.342 Y144.246 E904.41416
G1 X138.529 Y144.117 E904.42172
G1 X138.754 Y144.03 E904.42974
G1 X139 Y144 E904.43799
G1 X163 Y144 E905.23623
G1 X163.247 Y144.03 E905.24451
G1 X163.471 Y144.117 E905.2525
G1 X163.658 Y144.246 E905.26005
G1 X163.899 Y144.561 E905.27325
G1 X164 Y144.905 E905.28517
G1 X164 Y157.096 E905.69064
G1 X163.899 Y157.439 E905.70254
G1 X163.658 Y157.754 E905.71573
G1 X163.471 Y157.883 E905.72328
G0 F7200 X163.395 Y157.453
G1 F3600 X163.081 Y157.6 E905.73482
G1 X138.886 Y157.6 E906.53955
G1 X138.605 Y157.453 E906.55009
G1 X138.46 Y157.263 E906.55804
G1 X138.405 Y157.08 E906.5644
G1 X138.405 Y144.92 E906.96884
G1 X138.46 Y144.736 E906.97523
G1 X138.605 Y144.547 E906.98315
G1 X138.919 Y144.4 E906.99468
G1 X163.114 Y144.4 E907.79941
G1 X163.395 Y144.547 E907.80996
G1 X163.54 Y144.737 E907.81791
G1 X163.595 Y144.92 E907.82426
G1 X163.595 Y157.08 E908.22871
G1 X163.54 Y157.264 E908.2351
G1 X163.395 Y157.453 E908.24302
G1 F1500 E901.74302
G1 F600 Z1.5
G0 F7200 X187.491 Y162.496 Z1.5
G1 F600 Z1.4
G1 F1500 E908.24302
G1 F3600 X187.495 Y139.501 E909.00784
G1 X114.5 Y139.5 E911.43566
G1 X114.501 Y162.492 E912.20038
G1 X187.491 Y162.496 E914.62803
G0 F7200 X187.736 Y162.811
G1 F3600 X187.86 Y162.658 E914.63458
G1 X187.892 Y162.539 E914.63868
G1 X187.895 Y139.457 E915.40639
G1 X187.757 Y139.209 E915.41583
G1 X187.637 Y139.134 E915.42054
G1 X187.47 Y139.101 E915.4262
G1 X114.456 Y139.1 E917.85466
G1 X114.209 Y139.242 E917.86413
G1 X114.132 Y139.363 E917.8689
G1 X114.1 Y139.512 E917.87397
G1 X114.1 Y162.49 E918.63822
G1 X114.128 Y162.63 E918.64297
G1 X114.234 Y162.789 E918.64933
G1 X114.463 Y162.892 E918.65768
G1 X187.49 Y162.896 E921.08657
G1 X187.736 Y162.811 E921.09522
G0 F7200 X187.976 Y163.137
;TYPE:WALL-OUTER
G1 F2400 X188.133 Y162.983 E921.10254
G1 X188.233 Y162.814 E921.10907
G1 X188.292 Y162.59 E921.11677
G1 X188.295 Y139.393 E921.88831
G1 X188.219 Y139.162 E921.8964
G1 X188.033 Y138.91 E921.90681
G1 X187.788 Y138.757 E921.91642
G1 X187.511 Y138.701 E921.92582
G1 X114.392 Y138.7 E924.35777
G1 X114.162 Y138.776 E924.36583
G1 X113.91 Y138.966 E924.37632
G1 X113.756 Y139.209 E924.38589
G1 X113.7 Y139.47 E924.39477
G1 X113.7 Y162.528 E925.16168
G1 X113.747 Y162.767 E925.16978
G1 X113.98 Y163.103 E925.18338
G1 X114.21 Y163.241 E925.1923
G1 X114.413 Y163.292 E925.19927
G1 X187.528 Y163.296 E927.63108
G1 X187.767 Y163.249 E927.63918
G1 X187.976 Y163.137 E927.64707
G0 F7200 X188.118 Y162.997
G1 F1500 E921.14707
G1 F600 Z1.5
G0 F7200 X163.199 Y157.027 Z1.5
G1 F600 Z1.4
G1 F1500 E927.64707
G1 F2400 X163.132 Y157.151 E927.65176
G1 X163.035 Y157.198 E927.65534
G1 X138.95 Y157.194 E928.45641
G1 X138.84 Y157.121 E928.4608
G1 X138.801 Y157.027 E928.46419
G1 X138.807 Y144.943 E928.8661
G1 X138.965 Y144.802 E928.87315
G1 X163.05 Y144.806 E929.67422
G1 X163.16 Y144.879 E929.67861
G1 X163.199 Y144.973 E929.68199
G1 X163.199 Y157.027 E930.08291
G0 F7200 X163.132 Y157.151
G0 X163.08 Y157.176
G1 F1500 E923.58291
G1 F600 Z1.5
G0 F7200 X187.112 Y162.112 Z1.5
;TYPE:SKIN
G1 F600 Z1.4
G1 F1500 E930.08291
G1 F2400 X114.88 Y162.112 E932.48536
G1 X114.88 Y139.88 E933.2248
G1 X187.112 Y139.88 E935.62724
G1 X187.112 Y162.112 E936.36668
G1 F1500 E929.86668
G1 F600 Z1.5
G0 F7200 X163.629 Y158.227 Z1.5
G1 F600 Z1.4
G1 F1500 E936.36668
G1 F2400 X163.911 Y158.04 E936.37793
G1 X164.24 Y157.605 E936.39607
G1 X164.379 Y157.135 E936.41238
G1 X164.376 Y144.846 E936.82111
G1 X164.311 Y144.573 E936.83044
G1 X164.123 Y144.201 E936.84431
G1 X163.924 Y143.973 E936.85437
G1 X163.67 Y143.791 E936.86477
G1 X163.358 Y143.668 E936.87592
G1 X163.025 Y143.621 E936.88711
G1 X138.973 Y143.621 E937.68708
G1 X138.677 Y143.655 E937.69699
G1 X138.366 Y143.774 E937.70806
G1 X138.085 Y143.958 E937.71923
G1 X137.756 Y144.391 E937.73732
G1 X137.621 Y144.862 E937.75362
G1 X137.621 Y157.134 E938.16179
G1 X137.756 Y157.604 E938.17805
G1 X138.065 Y158.014 E938.19513
G1 X138.326 Y158.205 E938.20588
G1 X138.635 Y158.331 E938.21698
G1 X138.971 Y158.379 E938.22827
G1 X163.025 Y158.379 E939.02831
G1 X163.323 Y158.342 E939.0383
G1 X163.629 Y158.227 E939.04917
G1 F1500 E932.54917
G1 F600 Z1.5
G0 F7200 X186.912 Y140.526 Z1.5
G1 F600 Z1.4
G1 F1500 E939.04917
G1 F2400 X186.466 Y140.08 E939.07015
G0 F7200 X185.9 Y140.08
G1 F2400 X186.912 Y141.092 E939.11775
G0 F7200 X186.912 Y141.658
G1 F2400 X185.335 Y140.08 E939.19195
G0 F7200 X184.769 Y140.08
G1 F2400 X186.912 Y142.223 E939.29275
G0 F7200 X186.912 Y142.789
G1 F2400 X184.203 Y140.08 E939.42017
G0 F7200 X183.638 Y140.08
G1 F2400 X186.912 Y143.355 E939.5742
G0 F7200 X186.912 Y143.92
G1 F2400 X183.072 Y140.08 E939.75482
G0 F7200 X182.506 Y140.08
G1 F2400 X186.912 Y144.486 E939.96206
G0 F7200 X186.912 Y145.052
G1 F2400 X181.941 Y140.08 E940.19591
G0 F7200 X181.375 Y140.08
G1 F2400 X186.912 Y145.617 E940.45635
G0 F7200 X186.912 Y146.183
G1 F2400 X180.809 Y140.08 E940.74342
G0 F7200 X180.244 Y140.08
G1 F2400 X186.912 Y146.749 E941.05708
G0 F7200 X186.912 Y147.314
G1 F2400 X179.678 Y140.08 E941.39735
G0 F7200 X179.112 Y140.08
G1 F2400 X186.912 Y147.88 E941.76424
G0 F7200 X186.912 Y148.446
G1 F2400 X178.547 Y140.08 E942.15772
G0 F7200 X177.981 Y140.08
G1 F2400 X186.912 Y149.011 E942.57781
G0 F7200 X186.912 Y149.577
G1 F2400 X177.415 Y140.08 E943.02452
G0 F7200 X176.85 Y140.08
G1 F2400 X186.912 Y150.143 E943.49783
G0 F7200 X186.912 Y150.708
G1 F2400 X176.284 Y140.08 E943.99774
G0 F7200 X175.718 Y140.08
G1 F2400 X186.912 Y151.274 E944.52427
G0 F7200 X186.912 Y151.84
G1 F2400 X175.152 Y140.08 E945.07742
G0 F7200 X174.587 Y140.08
G1 F2400 X186.912 Y152.406 E945.65718
G0 F7200 X186.912 Y152.971
G1 F2400 X174.021 Y140.08 E946.26353
G0 F7200 X173.455 Y140.08
G1 F2400 X186.912 Y153.537 E946.89651
G0 F7200 X186.912 Y154.103
G1 F2400 X172.89 Y140.08 E947.55608
G0 F7200 X172.324 Y140.08
G1 F2400 X186.912 Y154.668 E948.24226
G0 F7200 X186.912 Y155.234
G1 F2400 X171.758 Y140.08 E948.95506
G0 F7200 X171.193 Y140.08
G1 F2400 X186.912 Y155.8 E949.69445
G0 F7200 X186.912 Y156.365
G1 F2400 X170.627 Y140.08 E950.46045
G0 F7200 X170.061 Y140.08
G1 F2400 X186.912 Y156.931 E951.25307
G0 F7200 X186.912 Y157.497
G1 F2400 X169.496 Y140.08 E952.07229
G0 F7200 X168.93 Y140.08
G1 F2400 X186.912 Y158.062 E952.91811
G0 F7200 X186.912 Y158.628
G1 F2400 X168.364 Y140.08 E953.79055
G0 F7200 X167.799 Y140.08
G1 F2400 X186.912 Y159.194 E954.68959
G0 F7200 X186.912 Y159.759
G1 F2400 X167.233 Y140.08 E955.61523
G0 F7200 X166.667 Y140.08
G1 F2400 X186.912 Y160.325 E956.56749
G0 F7200 X186.912 Y160.891
G1 F2400 X166.102 Y140.08 E957.54635
G0 F7200 X165.536 Y140.08
G1 F2400 X186.912 Y161.457 E958.55184
G0 F7200 X186.802 Y161.912
G1 F2400 X164.97 Y140.08 E959.57875
G0 F7200 X164.404 Y140.08
G1 F2400 X186.236 Y161.912 E960.60566
G0 F7200 X185.671 Y161.912
G1 F2400 X163.839 Y140.08 E961.63257
G0 F7200 X163.273 Y140.08
G1 F2400 X185.105 Y161.912 E962.65948
G0 F7200 X184.539 Y161.912
G1 F2400 X162.707 Y140.08 E963.68639
G0 F7200 X162.142 Y140.08
G1 F2400 X183.974 Y161.912 E964.7133
G0 F7200 X183.408 Y161.912
G1 F2400 X161.576 Y140.08 E965.74021
G0 F7200 X161.01 Y140.08
G1 F2400 X182.842 Y161.912 E966.76712
G0 F7200 X182.277 Y161.912
G1 F2400 X160.445 Y140.08 E967.79403
G0 F7200 X159.879 Y140.08
G1 F2400 X163.253 Y143.454 E967.95273
G0 F7200 X162.656 Y143.422
G1 F2400 X159.313 Y140.08 E968.10995
G0 F7200 X158.748 Y140.08
G1 F2400 X162.09 Y143.422 E968.26715
G0 F7200 X161.524 Y143.422
G1 F2400 X158.182 Y140.08 E968.42435
G0 F7200 X157.616 Y140.08
G1 F2400 X160.959 Y143.422 E968.58157
G0 F7200 X160.393 Y143.422
G1 F2400 X157.051 Y140.08 E968.73877
G0 F7200 X156.485 Y140.08
G1 F2400 X159.827 Y143.422 E968.89596
G0 F7200 X159.262 Y143.422
G1 F2400 X155.919 Y140.08 E969.05318
G0 F7200 X155.353 Y140.08
G1 F2400 X158.696 Y143.422 E969.21041
G0 F7200 X158.13 Y143.422
G1 F2400 X154.788 Y140.08 E969.3676
G0 F7200 X154.222 Y140.08
G1 F2400 X157.565 Y143.422 E969.52482
G0 F7200 X156.999 Y143.422
G1 F2400 X153.656 Y140.08 E969.68205
G0 F7200 X153.091 Y140.08
G1 F2400 X156.433 Y143.422 E969.83924
G0 F7200 X155.868 Y143.422
G1 F2400 X152.525 Y140.08 E969.99646
G0 F7200 X151.959 Y140.08
G1 F2400 X155.302 Y143.422 E970.15368
G0 F7200 X154.736 Y143.422
G1 F2400 X151.394 Y140.08 E970.31088
G0 F7200 X150.828 Y140.08
G1 F2400 X154.17 Y143.422 E970.46808
G0 F7200 X153.605 Y143.422
G1 F2400 X150.262 Y140.08 E970.6253
G0 F7200 X149.697 Y140.08
G1 F2400 X153.039 Y143.422 E970.7825
G0 F7200 X152.473 Y143.422
G1 F2400 X149.131 Y140.08 E970.9397
G0 F7200 X148.565 Y140.08
G1 F2400 X151.908 Y143.422 E971.09692
G0 F7200 X151.342 Y143.422
G1 F2400 X148 Y140.08 E971.25411
G0 F7200 X147.434 Y140.08
G1 F2400 X150.776 Y143.422 E971.41131
G0 F7200 X150.21 Y143.422
G1 F2400 X146.868 Y140.08 E971.56851
G0 F7200 X146.303 Y140.08
G1 F2400 X149.644 Y143.422 E971.72568
G0 F7200 X149.079 Y143.422
G1 F2400 X145.737 Y140.08 E971.88288
G0 F7200 X145.171 Y140.08
G1 F2400 X148.513 Y143.422 E972.04008
G0 F7200 X147.947 Y143.422
G1 F2400 X144.605 Y140.08 E972.19727
G0 F7200 X144.04 Y140.08
G1 F2400 X147.382 Y143.422 E972.35447
G0 F7200 X146.816 Y143.422
G1 F2400 X143.474 Y140.08 E972.51167
G0 F7200 X142.908 Y140.08
G1 F2400 X146.25 Y143.422 E972.66887
G0 F7200 X145.685 Y143.422
G1 F2400 X142.343 Y140.08 E972.82606
G0 F7200 X141.777 Y140.08
G1 F2400 X145.119 Y143.422 E972.98326
G0 F7200 X144.553 Y143.422
G1 F2400 X141.211 Y140.08 E973.14046
G0 F7200 X140.646 Y140.08
G1 F2400 X143.987 Y143.422 E973.29763
G0 F7200 X143.422 Y143.422
G1 F2400 X140.08 Y140.08 E973.45483
G0 F7200 X139.514 Y140.08
G1 F2400 X142.856 Y143.422 E973.61203
G0 F7200 X142.29 Y143.422
G1 F2400 X138.949 Y140.08 E973.7692
G0 F7200 X138.383 Y140.08
G1 F2400 X141.725 Y143.422 E973.9264
G0 F7200 X141.159 Y143.422
G1 F2400 X137.817 Y140.08 E974.0836
G0 F7200 X137.252 Y140.08
G1 F2400 X140.593 Y143.422 E974.24077
G0 F7200 X140.028 Y143.422
G1 F2400 X136.686 Y140.08 E974.39797
G0 F7200 X136.12 Y140.08
G1 F2400 X139.462 Y143.422 E974.55517
G0 F7200 X138.902 Y143.427
G1 F2400 X135.554 Y140.08 E974.71262
G0 F7200 X134.989 Y140.08
G1 F2400 X138.442 Y143.533 E974.87504
G0 F7200 X138.072 Y143.729
G1 F2400 X134.423 Y140.08 E975.04668
G0 F7200 X133.857 Y140.08
G1 F2400 X137.793 Y144.016 E975.23182
G0 F7200 X137.563 Y144.351
G1 F2400 X133.292 Y140.08 E975.43271
G0 F7200 X132.726 Y140.08
G1 F2400 X137.436 Y144.79 E975.65425
G0 F7200 X137.423 Y145.342
G1 F2400 X132.16 Y140.08 E975.90179
G0 F7200 X131.595 Y140.08
G1 F2400 X137.423 Y145.908 E976.17592
G0 F7200 X137.423 Y146.474
G1 F2400 X131.029 Y140.08 E976.47667
G0 F7200 X130.463 Y140.08
G1 F2400 X137.423 Y147.039 E976.80402
G0 F7200 X137.423 Y147.605
G1 F2400 X129.898 Y140.08 E977.15798
G0 F7200 X129.332 Y140.08
G1 F2400 X137.423 Y148.171 E977.53855
G0 F7200 X137.423 Y148.736
G1 F2400 X128.766 Y140.08 E977.94573
G0 F7200 X128.201 Y140.08
G1 F2400 X137.423 Y149.302 E978.3795
G0 F7200 X137.423 Y149.868
G1 F2400 X127.635 Y140.08 E978.8399
G0 F7200 X127.069 Y140.08
G1 F2400 X137.423 Y150.433 E979.3269
G0 F7200 X137.423 Y150.999
G1 F2400 X126.504 Y140.08 E979.84049
G0 F7200 X125.938 Y140.08
G1 F2400 X137.423 Y151.565 E980.38071
G0 F7200 X137.423 Y152.13
G1 F2400 X125.372 Y140.08 E980.94753
G0 F7200 X124.806 Y140.08
G1 F2400 X137.423 Y152.696 E981.54097
G0 F7200 X137.423 Y153.262
G1 F2400 X124.241 Y140.08 E982.16101
G0 F7200 X123.675 Y140.08
G1 F2400 X137.423 Y153.828 E982.80768
G0 F7200 X137.423 Y154.393
G1 F2400 X123.109 Y140.08 E983.48094
G0 F7200 X122.544 Y140.08
G1 F2400 X137.423 Y154.959 E984.1808
G0 F7200 X137.423 Y155.525
G1 F2400 X121.978 Y140.08 E984.90729
G0 F7200 X121.412 Y140.08
G1 F2400 X137.423 Y156.09 E985.66037
G0 F7200 X137.423 Y156.656
G1 F2400 X120.847 Y140.08 E986.44006
G0 F7200 X120.281 Y140.08
G1 F2400 X137.447 Y157.246 E987.24749
G1 X137.517 Y157.316
G1 F1500 E980.74749
G1 F600 Z1.5
G0 F7200 X138.747 Y158.546 Z1.5
G1 F600 Z1.4
G1 F1500 E987.24749
G1 F2400 X142.113 Y161.912 E987.40582
G0 F7200 X141.547 Y161.912
G1 F2400 X119.715 Y140.08 E988.43273
G0 F7200 X119.15 Y140.08
G1 F2400 X140.982 Y161.912 E989.45964
G0 F7200 X140.416 Y161.912
G1 F2400 X118.584 Y140.08 E990.48655
G0 F7200 X118.018 Y140.08
G1 F2400 X139.85 Y161.912 E991.51346
G0 F7200 X139.284 Y161.912
G1 F2400 X117.453 Y140.08 E992.54035
G0 F7200 X116.887 Y140.08
G1 F2400 X138.719 Y161.912 E993.56726
G0 F7200 X138.153 Y161.912
G1 F2400 X116.321 Y140.08 E994.59417
G0 F7200 X115.756 Y140.08
G1 F2400 X137.587 Y161.912 E995.62106
G0 F7200 X137.022 Y161.912
G1 F2400 X115.19 Y140.08 E996.64797
G0 F7200 X115.08 Y140.535
G1 F2400 X136.456 Y161.912 E997.65345
G0 F7200 X135.89 Y161.912
G1 F2400 X115.08 Y141.101 E998.63231
G0 F7200 X115.08 Y141.667
G1 F2400 X135.325 Y161.912 E999.58458
G0 F7200 X134.759 Y161.912
G1 F2400 X115.08 Y142.232 E1000.51024
G0 F7200 X115.08 Y142.798
G1 F2400 X134.193 Y161.912 E1001.40928
G0 F7200 X133.628 Y161.912
G1 F2400 X115.08 Y143.364 E1002.28172
G0 F7200 X115.08 Y143.929
G1 F2400 X133.062 Y161.912 E1003.12756
G0 F7200 X132.496 Y161.912
G1 F2400 X115.08 Y144.495 E1003.94678
G0 F7200 X115.08 Y145.061
G1 F2400 X131.931 Y161.912 E1004.7394
G0 F7200 X131.365 Y161.912
G1 F2400 X115.08 Y145.627 E1005.5054
G0 F7200 X115.08 Y146.192
G1 F2400 X130.799 Y161.912 E1006.24479
G0 F7200 X130.234 Y161.912
G1 F2400 X115.08 Y146.758 E1006.95759
G0 F7200 X115.08 Y147.324
G1 F2400 X129.668 Y161.912 E1007.64377
G0 F7200 X129.102 Y161.912
G1 F2400 X115.08 Y147.889 E1008.30334
G0 F7200 X115.08 Y148.455
G1 F2400 X128.536 Y161.912 E1008.9363
G0 F7200 X127.971 Y161.912
G1 F2400 X115.08 Y149.021 E1009.54265
G0 F7200 X115.08 Y149.586
G1 F2400 X127.405 Y161.912 E1010.1224
G0 F7200 X126.839 Y161.912
G1 F2400 X115.08 Y150.152 E1010.67553
G0 F7200 X115.08 Y150.718
G1 F2400 X126.274 Y161.912 E1011.20206
G0 F7200 X125.708 Y161.912
G1 F2400 X115.08 Y151.283 E1011.702
G0 F7200 X115.08 Y151.849
G1 F2400 X125.142 Y161.912 E1012.17531
G0 F7200 X124.577 Y161.912
G1 F2400 X115.08 Y152.415 E1012.62202
G0 F7200 X115.08 Y152.98
G1 F2400 X124.011 Y161.912 E1013.04213
G0 F7200 X123.445 Y161.912
G1 F2400 X115.08 Y153.546 E1013.43561
G0 F7200 X115.08 Y154.112
G1 F2400 X122.88 Y161.912 E1013.8025
G0 F7200 X122.314 Y161.912
G1 F2400 X115.08 Y154.677 E1014.14279
G0 F7200 X115.08 Y155.243
G1 F2400 X121.748 Y161.912 E1014.45646
G0 F7200 X121.183 Y161.912
G1 F2400 X115.08 Y155.809 E1014.74352
G0 F7200 X115.08 Y156.375
G1 F2400 X120.617 Y161.912 E1015.00397
G0 F7200 X120.051 Y161.912
G1 F2400 X115.08 Y156.94 E1015.23781
G0 F7200 X115.08 Y157.506
G1 F2400 X119.485 Y161.912 E1015.44503
G0 F7200 X118.92 Y161.912
G1 F2400 X115.08 Y158.072 E1015.62565
G0 F7200 X115.08 Y158.637
G1 F2400 X118.354 Y161.912 E1015.77968
G0 F7200 X117.788 Y161.912
G1 F2400 X115.08 Y159.203 E1015.90707
G0 F7200 X115.08 Y159.769
G1 F2400 X117.223 Y161.912 E1016.00787
G0 F7200 X116.657 Y161.912
G1 F2400 X115.08 Y160.334 E1016.08208
G0 F7200 X115.08 Y160.9
G1 F2400 X116.091 Y161.912 E1016.12965
G0 F7200 X115.526 Y161.912
G1 F2400 X115.08 Y161.466 E1016.15063
G1 F1500 E1009.65063
G1 F600 Z1.5
G0 F7200 X139.345 Y158.578 Z1.5
G1 F600 Z1.4
G1 F1500 E1016.15063
G1 F2400 X142.679 Y161.912 E1016.30745
G0 F7200 X143.244 Y161.912
G1 F2400 X139.91 Y158.578 E1016.46427
G0 F7200 X140.476 Y158.578
G1 F2400 X143.81 Y161.912 E1016.6211
G0 F7200 X144.376 Y161.912
G1 F2400 X141.042 Y158.578 E1016.77792
G0 F7200 X141.607 Y158.578
G1 F2400 X144.941 Y161.912 E1016.93474
G0 F7200 X145.507 Y161.912
G1 F2400 X142.173 Y158.578 E1017.09156
G0 F7200 X142.739 Y158.578
G1 F2400 X146.073 Y161.912 E1017.24838
G0 F7200 X146.638 Y161.912
G1 F2400 X143.304 Y158.578 E1017.4052
G0 F7200 X143.87 Y158.578
G1 F2400 X147.204 Y161.912 E1017.56202
G0 F7200 X147.77 Y161.912
G1 F2400 X144.436 Y158.578 E1017.71884
G0 F7200 X145.002 Y158.579
G1 F2400 X148.335 Y161.912 E1017.87562
G0 F7200 X148.901 Y161.912
G1 F2400 X145.568 Y158.579 E1018.03239
G0 F7200 X146.134 Y158.579
G1 F2400 X149.467 Y161.912 E1018.18917
G0 F7200 X150.033 Y161.912
G1 F2400 X146.699 Y158.579 E1018.34596
G0 F7200 X147.265 Y158.579
G1 F2400 X150.598 Y161.912 E1018.50274
G0 F7200 X151.164 Y161.912
G1 F2400 X147.831 Y158.579 E1018.65951
G0 F7200 X148.396 Y158.579
G1 F2400 X151.73 Y161.912 E1018.81631
G0 F7200 X152.295 Y161.912
G1 F2400 X148.962 Y158.579 E1018.97308
G0 F7200 X149.528 Y158.579
G1 F2400 X152.861 Y161.912 E1019.12986
G0 F7200 X153.427 Y161.912
G1 F2400 X150.093 Y158.579 E1019.28665
G0 F7200 X150.659 Y158.579
G1 F2400 X153.992 Y161.912 E1019.44343
G0 F7200 X154.558 Y161.912
G1 F2400 X151.225 Y158.579 E1019.6002
G0 F7200 X151.791 Y158.579
G1 F2400 X155.124 Y161.912 E1019.75698
G0 F7200 X155.689 Y161.912
G1 F2400 X152.357 Y158.579 E1019.91373
G0 F7200 X152.922 Y158.579
G1 F2400 X156.255 Y161.912 E1020.0705
G0 F7200 X156.821 Y161.912
G1 F2400 X153.488 Y158.579 E1020.22728
G0 F7200 X154.054 Y158.579
G1 F2400 X157.386 Y161.912 E1020.38403
G0 F7200 X157.952 Y161.912
G1 F2400 X154.62 Y158.579 E1020.54078
G0 F7200 X155.185 Y158.579
G1 F2400 X158.518 Y161.912 E1020.69755
G0 F7200 X159.083 Y161.912
G1 F2400 X155.751 Y158.579 E1020.8543
G0 F7200 X156.317 Y158.579
G1 F2400 X159.649 Y161.912 E1021.01105
G0 F7200 X160.215 Y161.912
G1 F2400 X156.882 Y158.579 E1021.16783
G0 F7200 X157.449 Y158.58
G1 F2400 X160.781 Y161.912 E1021.32455
G0 F7200 X161.346 Y161.912
G1 F2400 X158.014 Y158.58 E1021.48128
G0 F7200 X158.58 Y158.58
G1 F2400 X161.912 Y161.912 E1021.63801
G0 F7200 X162.478 Y161.912
G1 F2400 X159.146 Y158.58 E1021.79473
G0 F7200 X159.711 Y158.58
G1 F2400 X163.043 Y161.912 E1021.95146
G0 F7200 X163.609 Y161.912
G1 F2400 X160.277 Y158.58 E1022.10819
G0 F7200 X160.843 Y158.58
G1 F2400 X164.175 Y161.912 E1022.26492
G0 F7200 X164.74 Y161.912
G1 F2400 X161.408 Y158.58 E1022.42164
G0 F7200 X161.974 Y158.58
G1 F2400 X165.306 Y161.912 E1022.57837
G0 F7200 X165.872 Y161.912
G1 F2400 X162.54 Y158.58 E1022.7351
G0 F7200 X163.095 Y158.569
G1 F2400 X166.437 Y161.912 E1022.89232
G0 F7200 X167.003 Y161.912
G1 F2400 X163.557 Y158.466 E1023.05441
G0 F7200 X163.926 Y158.27
G1 F2400 X167.569 Y161.912 E1023.22574
G0 F7200 X168.134 Y161.912
G1 F2400 X164.204 Y157.982 E1023.41059
G0 F7200 X164.433 Y157.645
G1 F2400 X168.7 Y161.912 E1023.6113
G0 F7200 X169.266 Y161.912
G1 F2400 X164.563 Y157.209 E1023.83252
G0 F7200 X164.577 Y156.657
G1 F2400 X169.831 Y161.912 E1024.07967
G0 F7200 X170.397 Y161.912
G1 F2400 X164.577 Y156.092 E1024.35343
G0 F7200 X164.577 Y155.526
G1 F2400 X170.963 Y161.912 E1024.6538
G0 F7200 X171.529 Y161.912
G1 F2400 X164.577 Y154.96 E1024.9808
G0 F7200 X164.577 Y154.395
G1 F2400 X172.094 Y161.912 E1025.33438
G0 F7200 X172.66 Y161.912
G1 F2400 X164.578 Y153.83 E1025.71453
G0 F7200 X164.578 Y153.264
G1 F2400 X173.226 Y161.912 E1026.12131
G0 F7200 X173.791 Y161.912
G1 F2400 X164.578 Y152.698 E1026.55468
G0 F7200 X164.578 Y152.133
G1 F2400 X174.357 Y161.912 E1027.01466
G0 F7200 X174.923 Y161.912
G1 F2400 X164.578 Y151.567 E1027.50126
G0 F7200 X164.578 Y151.002
G1 F2400 X175.488 Y161.912 E1028.01443
G0 F7200 X176.054 Y161.912
G1 F2400 X164.578 Y150.436 E1028.55422
G0 F7200 X164.578 Y149.871
G1 F2400 X176.62 Y161.912 E1029.12062
G0 F7200 X177.185 Y161.912
G1 F2400 X164.578 Y149.305 E1029.71361
G0 F7200 X164.578 Y148.739
G1 F2400 X177.751 Y161.912 E1030.33323
G0 F7200 X178.317 Y161.912
G1 F2400 X164.578 Y148.174 E1030.97945
G0 F7200 X164.579 Y147.609
G1 F2400 X178.882 Y161.912 E1031.65222
G0 F7200 X179.448 Y161.912
G1 F2400 X164.579 Y147.043 E1032.35161
G0 F7200 X164.579 Y146.477
G1 F2400 X180.014 Y161.912 E1033.07763
G0 F7200 X180.58 Y161.912
G1 F2400 X164.579 Y145.911 E1033.83026
G0 F7200 X164.579 Y145.346
G1 F2400 X181.145 Y161.912 E1034.60948
G0 F7200 X181.711 Y161.912
G1 F2400 X164.556 Y144.757 E1035.4164
G1 X164.486 Y144.687
G1 F1500 E1028.9164
G1 F600 Z1.5
;MESH:NONMESH
G0 F7200 X163.471 Y157.883 Z1.5
;TIME_ELAPSED:1121.978219
;LAYER:7
;MESH:Slide-Body.stl
G0 X163.471 Y157.883 Z1.7
;TYPE:WALL-INNER
G1 F600 Z1.6
G1 F1500 E1035.4164
G1 F3600 X163.246 Y157.97 E1035.42442
G1 X163 Y158 E1035.43266
G1 X139 Y158 E1036.23091
G1 X138.753 Y157.97 E1036.23918
G1 X138.529 Y157.883 E1036.24717
G1 X138.342 Y157.754 E1036.25473
G1 X138.101 Y157.439 E1036.26792
G1 X138 Y157.096 E1036.27981
G1 X138 Y144.905 E1036.68529
G1 X138.101 Y144.561 E1036.69721
G1 X138.342 Y144.246 E1036.7104
G1 X138.529 Y144.117 E1036.71796
G1 X138.754 Y144.03 E1036.72598
G1 X139 Y144 E1036.73423
G1 X163 Y144 E1037.53247
G1 X163.247 Y144.03 E1037.54074
G1 X163.471 Y144.117 E1037.54874
G1 X163.658 Y144.246 E1037.55629
G1 X163.899 Y144.561 E1037.56948
G1 X164 Y144.905 E1037.58141
G1 X164 Y157.095 E1037.98685
G1 X163.899 Y157.439 E1037.99877
G1 X163.658 Y157.754 E1038.01197
G1 X163.471 Y157.883 E1038.01952
G0 F7200 X163.395 Y157.453
G1 F3600 X163.081 Y157.6 E1038.03105
G1 X138.886 Y157.6 E1038.83578
G1 X138.605 Y157.453 E1038.84633
G1 X138.46 Y157.264 E1038.85425
G1 X138.405 Y157.08 E1038.86064
G1 X138.405 Y144.92 E1039.26508
G1 X138.46 Y144.736 E1039.27147
G1 X138.605 Y144.547 E1039.27939
G1 X138.919 Y144.4 E1039.29093
G1 X163.114 Y144.4 E1040.09565
G1 X163.395 Y144.547 E1040.1062
G1 X163.54 Y144.737 E1040.11415
G1 X163.595 Y144.92 E1040.12051
G1 X163.595 Y157.08 E1040.52495
G1 X163.54 Y157.264 E1040.53134
G1 X163.395 Y157.453 E1040.53926
G1 F1500 E1034.03926
G1 F600 Z1.7
G0 F7200 X187.496 Y162.5 Z1.7
G1 F600 Z1.6
G1 F1500 E1040.53926
G1 F3600 X187.49 Y139.5 E1041.30424
G1 X114.501 Y139.504 E1043.73187
G1 X114.5 Y162.496 E1044.49659
G1 X187.496 Y162.5 E1046.92444
G0 F7200 X187.696 Y162.835
G1 F3600 X187.856 Y162.666 E1046.93218
G1 X187.896 Y162.492 E1046.93812
G1 X187.896 Y139.412 E1047.70576
G1 X187.704 Y139.166 E1047.71614
G1 X187.466 Y139.1 E1047.72436
G1 X114.424 Y139.1 E1050.15375
G1 X114.218 Y139.223 E1050.16173
G1 X114.101 Y139.445 E1050.17007
G1 X114.1 Y162.533 E1050.93798
G1 X114.172 Y162.721 E1050.94468
G1 X114.286 Y162.828 E1050.94988
G1 X114.458 Y162.896 E1050.95603
G1 X187.531 Y162.9 E1053.38645
G1 X187.696 Y162.835 E1053.39235
G0 F7200 X187.909 Y163.182
;TYPE:WALL-OUTER
G1 F2400 X188.135 Y162.979 E1053.40245
G1 X188.232 Y162.816 E1053.40876
G1 X188.296 Y162.537 E1053.41828
G1 X188.296 Y139.468 E1054.18556
G1 X188.25 Y139.236 E1054.19342
G1 X188.086 Y138.958 E1054.20416
G1 X187.888 Y138.802 E1054.21254
G1 X187.52 Y138.7 E1054.22524
G1 X114.468 Y138.7 E1056.65496
G1 X114.237 Y138.746 E1056.6628
G1 X113.958 Y138.912 E1056.6736
G1 X113.842 Y139.046 E1056.67949
G1 X113.701 Y139.358 E1056.69088
G1 X113.7 Y162.607 E1057.46414
G1 X113.818 Y162.915 E1057.47511
G1 X114.08 Y163.177 E1057.48744
G1 X114.382 Y163.296 E1057.49823
G1 X187.606 Y163.3 E1059.93367
G1 X187.909 Y163.182 E1059.94449
G0 F7200 X188.057 Y163.049
G1 F1500 E1053.44449
G1 F600 Z1.7
G0 F7200 X163.193 Y157.057 Z1.7
G1 F600 Z1.6
G1 F1500 E1059.94449
G1 F2400 X163.035 Y157.198 E1059.95153
G1 X138.95 Y157.194 E1060.7526
G1 X138.839 Y157.121 E1060.75702
G1 X138.801 Y157.027 E1060.76039
G1 X138.807 Y144.943 E1061.16231
G1 X138.965 Y144.802 E1061.16935
G1 X163.05 Y144.806 E1061.97042
G1 X163.16 Y144.879 E1061.97481
G1 X163.199 Y144.973 E1061.9782
G1 X163.193 Y157.057 E1062.38011
G0 F7200 X163.044 Y157.19
G1 F1500 E1055.88011
G1 F600 Z1.7
G0 F7200 X187.116 Y162.12 Z1.7
;TYPE:SKIN
G1 F600 Z1.6
G1 F1500 E1062.38011
G1 F2400 X114.88 Y162.116 E1064.78269
G1 X114.88 Y139.88 E1065.52226
G1 X187.116 Y139.88 E1067.92484
G1 X187.116 Y162.12 E1068.66455
G1 F1500 E1062.16455
G1 F600 Z1.7
G0 F7200 X163.631 Y158.222 Z1.7
G1 F600 Z1.6
G1 F1500 E1068.66455
G1 F2400 X163.91 Y158.041 E1068.67561
G1 X164.24 Y157.605 E1068.6938
G1 X164.379 Y157.135 E1068.7101
G1 X164.376 Y144.846 E1069.11883
G1 X164.311 Y144.573 E1069.12817
G1 X164.123 Y144.201 E1069.14203
G1 X163.924 Y143.973 E1069.15209
G1 X163.67 Y143.791 E1069.16249
G1 X163.358 Y143.668 E1069.17364
G1 X163.025 Y143.621 E1069.18483
G1 X138.973 Y143.621 E1069.9848
G1 X138.677 Y143.655 E1069.99471
G1 X138.366 Y143.774 E1070.00579
G1 X138.085 Y143.958 E1070.01696
G1 X137.756 Y144.391 E1070.03504
G1 X137.621 Y144.862 E1070.05134
G1 X137.621 Y157.134 E1070.45951
G1 X137.756 Y157.604 E1070.47577
G1 X138.065 Y158.014 E1070.49285
G1 X138.326 Y158.205 E1070.50361
G1 X138.635 Y158.331 E1070.51471
G1 X138.971 Y158.379 E1070.52599
G1 X163.025 Y158.379 E1071.32603
G1 X163.313 Y158.343 E1071.33569
G1 X163.631 Y158.222 E1071.347
G1 F1500 E1064.847
G1 F600 Z1.7
G0 F7200 X186.543 Y161.92 Z1.7
G1 F600 Z1.6
G1 F1500 E1071.347
G1 F2400 X186.916 Y161.546 E1071.36457
G0 F7200 X186.916 Y160.981
G1 F2400 X185.977 Y161.92 E1071.40874
G0 F7200 X185.411 Y161.92
G1 F2400 X186.916 Y160.415 E1071.47953
G0 F7200 X186.916 Y159.849
G1 F2400 X184.845 Y161.92 E1071.57694
G0 F7200 X184.28 Y161.92
G1 F2400 X186.916 Y159.284 E1071.70093
G0 F7200 X186.916 Y158.718
G1 F2400 X183.714 Y161.92 E1071.85154
G0 F7200 X183.148 Y161.92
G1 F2400 X186.916 Y158.152 E1072.02878
G0 F7200 X186.916 Y157.587
G1 F2400 X182.583 Y161.92 E1072.23259
G0 F7200 X182.017 Y161.92
G1 F2400 X186.916 Y157.021 E1072.46303
G0 F7200 X186.916 Y156.455
G1 F2400 X181.451 Y161.92 E1072.72008
G0 F7200 X180.886 Y161.92
G1 F2400 X186.916 Y155.889 E1073.00374
G0 F7200 X186.916 Y155.324
G1 F2400 X180.32 Y161.92 E1073.31399
G0 F7200 X179.754 Y161.92
G1 F2400 X186.916 Y154.758 E1073.65087
G0 F7200 X186.916 Y154.192
G1 F2400 X179.189 Y161.92 E1074.01435
G0 F7200 X178.623 Y161.92
G1 F2400 X186.916 Y153.627 E1074.40443
G0 F7200 X186.916 Y153.061
G1 F2400 X178.057 Y161.92 E1074.82113
G0 F7200 X177.492 Y161.92
G1 F2400 X186.916 Y152.495 E1075.26443
G0 F7200 X186.916 Y151.93
G1 F2400 X176.926 Y161.92 E1075.73433
G0 F7200 X176.36 Y161.92
G1 F2400 X186.916 Y151.364 E1076.23085
G0 F7200 X186.916 Y150.798
G1 F2400 X175.795 Y161.92 E1076.75397
G0 F7200 X175.229 Y161.92
G1 F2400 X186.916 Y150.233 E1077.30369
G0 F7200 X186.916 Y149.667
G1 F2400 X174.663 Y161.92 E1077.88003
G0 F7200 X174.097 Y161.92
G1 F2400 X186.916 Y149.101 E1078.483
G0 F7200 X186.916 Y148.536
G1 F2400 X173.532 Y161.92 E1079.11254
G0 F7200 X172.966 Y161.92
G1 F2400 X186.916 Y147.97 E1079.76871
G0 F7200 X186.916 Y147.404
G1 F2400 X172.401 Y161.919 E1080.45145
G0 F7200 X171.835 Y161.919
G1 F2400 X186.916 Y146.839 E1081.16079
G0 F7200 X186.916 Y146.273
G1 F2400 X171.27 Y161.919 E1081.89673
G0 F7200 X170.704 Y161.919
G1 F2400 X186.916 Y145.707 E1082.65929
G0 F7200 X186.916 Y145.141
G1 F2400 X170.138 Y161.919 E1083.44848
G0 F7200 X169.573 Y161.919
G1 F2400 X186.916 Y144.576 E1084.26424
G0 F7200 X186.916 Y144.01
G1 F2400 X169.007 Y161.919 E1085.10662
G0 F7200 X168.441 Y161.919
G1 F2400 X186.916 Y143.444 E1085.97563
G0 F7200 X186.916 Y142.879
G1 F2400 X167.876 Y161.919 E1086.87121
G0 F7200 X167.31 Y161.919
G1 F2400 X186.916 Y142.313 E1087.79342
G0 F7200 X186.916 Y141.747
G1 F2400 X166.744 Y161.919 E1088.74225
G0 F7200 X166.179 Y161.919
G1 F2400 X186.916 Y141.182 E1089.71765
G0 F7200 X186.916 Y140.616
G1 F2400 X165.613 Y161.919 E1090.71968
G0 F7200 X165.047 Y161.919
G1 F2400 X186.886 Y140.08 E1091.74692
G0 F7200 X186.321 Y140.08
G1 F2400 X164.482 Y161.919 E1092.77416
G0 F7200 X163.916 Y161.919
G1 F2400 X185.755 Y140.08 E1093.8014
G0 F7200 X185.189 Y140.08
G1 F2400 X163.35 Y161.919 E1094.82864
G0 F7200 X162.784 Y161.919
G1 F2400 X184.623 Y140.08 E1095.85588
G0 F7200 X184.058 Y140.08
G1 F2400 X162.219 Y161.919 E1096.88312
G0 F7200 X161.653 Y161.919
G1 F2400 X183.492 Y140.08 E1097.91036
G0 F7200 X182.926 Y140.08
G1 F2400 X161.087 Y161.919 E1098.9376
G0 F7200 X160.522 Y161.919
G1 F2400 X182.361 Y140.08 E1099.96484
G0 F7200 X181.795 Y140.08
G1 F2400 X164.52 Y157.355 E1100.7774
G0 F7200 X164.578 Y156.732
G1 F2400 X181.229 Y140.08 E1101.56064
G0 F7200 X180.664 Y140.08
G1 F2400 X164.578 Y156.166 E1102.31727
G0 F7200 X164.578 Y155.6
G1 F2400 X180.098 Y140.08 E1103.04729
G0 F7200 X179.532 Y140.08
G1 F2400 X164.578 Y155.035 E1103.7507
G0 F7200 X164.578 Y154.469
G1 F2400 X178.967 Y140.08 E1104.42751
G0 F7200 X178.401 Y140.08
G1 F2400 X164.578 Y153.902 E1105.07768
G0 F7200 X164.578 Y153.337
G1 F2400 X177.835 Y140.08 E1105.70125
G0 F7200 X177.27 Y140.08
G1 F2400 X164.578 Y152.771 E1106.29822
G0 F7200 X164.578 Y152.205
G1 F2400 X176.704 Y140.08 E1106.86857
G0 F7200 X176.138 Y140.08
G1 F2400 X164.578 Y151.64 E1107.41231
G0 F7200 X164.578 Y151.074
G1 F2400 X175.572 Y140.08 E1107.92944
G0 F7200 X175.007 Y140.08
G1 F2400 X164.579 Y150.508 E1108.41994
G0 F7200 X164.579 Y149.942
G1 F2400 X174.441 Y140.08 E1108.88382
G0 F7200 X173.875 Y140.08
G1 F2400 X164.579 Y149.376 E1109.32107
G0 F7200 X164.579 Y148.811
G1 F2400 X173.31 Y140.08 E1109.73175
G0 F7200 X172.744 Y140.08
G1 F2400 X164.579 Y148.245 E1110.11581
G0 F7200 X164.58 Y147.679
G1 F2400 X172.178 Y140.08 E1110.47322
G0 F7200 X171.613 Y140.08
G1 F2400 X164.58 Y147.113 E1110.80403
G0 F7200 X164.58 Y146.547
G1 F2400 X171.047 Y140.08 E1111.10822
G0 F7200 X170.481 Y140.08
G1 F2400 X164.58 Y145.981 E1111.38578
G0 F7200 X164.58 Y145.416
G1 F2400 X169.916 Y140.08 E1111.63677
G0 F7200 X169.35 Y140.08
G1 F2400 X164.574 Y144.856 E1111.86142
G0 F7200 X164.448 Y144.417
G1 F2400 X168.784 Y140.08 E1112.0654
G0 F7200 X168.219 Y140.08
G1 F2400 X164.247 Y144.051 E1112.2522
G0 F7200 X163.975 Y143.758
G1 F2400 X167.653 Y140.08 E1112.4252
G0 F7200 X167.087 Y140.08
G1 F2400 X163.611 Y143.556 E1112.5887
G0 F7200 X163.161 Y143.441
G1 F2400 X166.522 Y140.08 E1112.7468
G0 F7200 X165.956 Y140.08
G1 F2400 X162.613 Y143.423 E1112.90404
G0 F7200 X162.047 Y143.423
G1 F2400 X165.39 Y140.08 E1113.06128
G0 F7200 X164.824 Y140.08
G1 F2400 X161.481 Y143.423 E1113.21853
G0 F7200 X160.916 Y143.423
G1 F2400 X164.259 Y140.08 E1113.37577
G0 F7200 X163.693 Y140.08
G1 F2400 X160.35 Y143.423 E1113.53302
G0 F7200 X159.784 Y143.423
G1 F2400 X163.127 Y140.08 E1113.69026
G0 F7200 X162.562 Y140.08
G1 F2400 X159.219 Y143.423 E1113.84751
G0 F7200 X158.653 Y143.423
G1 F2400 X161.996 Y140.08 E1114.00475
G0 F7200 X161.43 Y140.08
G1 F2400 X158.087 Y143.423 E1114.162
G0 F7200 X157.521 Y143.423
G1 F2400 X160.865 Y140.08 E1114.31926
G0 F7200 X160.299 Y140.08
G1 F2400 X156.956 Y143.423 E1114.47651
G0 F7200 X156.39 Y143.423
G1 F2400 X159.733 Y140.08 E1114.63375
G0 F7200 X159.168 Y140.08
G1 F2400 X155.824 Y143.423 E1114.79102
G0 F7200 X155.259 Y143.423
G1 F2400 X158.602 Y140.08 E1114.94827
G0 F7200 X158.036 Y140.08
G1 F2400 X154.693 Y143.423 E1115.10551
G0 F7200 X154.127 Y143.423
G1 F2400 X157.471 Y140.08 E1115.26278
G0 F7200 X156.905 Y140.08
G1 F2400 X153.562 Y143.423 E1115.42002
G0 F7200 X152.996 Y143.423
G1 F2400 X156.339 Y140.08 E1115.57727
G0 F7200 X155.774 Y140.08
G1 F2400 X152.43 Y143.423 E1115.73454
G0 F7200 X151.865 Y143.423
G1 F2400 X155.208 Y140.08 E1115.89178
G0 F7200 X154.642 Y140.08
G1 F2400 X151.299 Y143.423 E1116.04902
G0 F7200 X150.734 Y143.422
G1 F2400 X154.076 Y140.08 E1116.20622
G0 F7200 X153.511 Y140.08
G1 F2400 X150.168 Y143.422 E1116.36344
G0 F7200 X149.603 Y143.422
G1 F2400 X152.945 Y140.08 E1116.52064
G0 F7200 X152.379 Y140.08
G1 F2400 X149.037 Y143.422 E1116.67784
G0 F7200 X148.471 Y143.422
G1 F2400 X151.814 Y140.08 E1116.83506
G0 F7200 X151.248 Y140.08
G1 F2400 X147.906 Y143.422 E1116.99226
G0 F7200 X147.34 Y143.422
G1 F2400 X150.682 Y140.08 E1117.14945
G0 F7200 X150.117 Y140.08
G1 F2400 X146.774 Y143.422 E1117.30667
G0 F7200 X146.208 Y143.422
G1 F2400 X149.551 Y140.08 E1117.46389
G0 F7200 X148.985 Y140.08
G1 F2400 X145.643 Y143.422 E1117.62109
G0 F7200 X145.077 Y143.422
G1 F2400 X148.42 Y140.08 E1117.77831
G0 F7200 X147.854 Y140.08
G1 F2400 X144.511 Y143.422 E1117.93553
G0 F7200 X143.946 Y143.422
G1 F2400 X147.288 Y140.08 E1118.09273
G0 F7200 X146.723 Y140.08
G1 F2400 X143.38 Y143.422 E1118.24995
G0 F7200 X142.814 Y143.422
G1 F2400 X146.157 Y140.08 E1118.40717
G0 F7200 X145.591 Y140.08
G1 F2400 X142.249 Y143.422 E1118.56437
G0 F7200 X141.683 Y143.422
G1 F2400 X145.025 Y140.08 E1118.72157
G0 F7200 X144.46 Y140.08
G1 F2400 X141.117 Y143.422 E1118.87879
G0 F7200 X140.552 Y143.422
G1 F2400 X143.894 Y140.08 E1119.03599
G0 F7200 X143.328 Y140.08
G1 F2400 X139.986 Y143.422 E1119.19318
G0 F7200 X139.42 Y143.422
G1 F2400 X142.763 Y140.08 E1119.35041
G0 F7200 X142.197 Y140.08
G1 F2400 X138.843 Y143.434 E1119.50817
G1 X138.773 Y143.504
G1 F1500 E1113.00817
G1 F600 Z1.7
G0 F7200 X137.423 Y144.854 Z1.7
G1 F600 Z1.6
G1 F1500 E1119.50817
G1 F2400 X120.36 Y161.917 E1120.31076
G0 F7200 X120.926 Y161.917
G1 F2400 X137.423 Y145.42 E1121.08673
G0 F7200 X137.423 Y145.986
G1 F2400 X121.492 Y161.917 E1121.83607
G0 F7200 X122.057 Y161.917
G1 F2400 X137.423 Y146.551 E1122.55884
G0 F7200 X137.423 Y147.117
G1 F2400 X122.623 Y161.917 E1123.25499
G0 F7200 X123.189 Y161.917
G1 F2400 X137.423 Y147.683 E1123.92451
G0 F7200 X137.423 Y148.248
G1 F2400 X123.754 Y161.917 E1124.56746
G0 F7200 X124.32 Y161.917
G1 F2400 X137.423 Y148.814 E1125.18378
G0 F7200 X137.423 Y149.38
G1 F2400 X124.886 Y161.917 E1125.77349
G0 F7200 X125.451 Y161.917
G1 F2400 X137.423 Y149.946 E1126.33659
G0 F7200 X137.423 Y150.511
G1 F2400 X126.017 Y161.917 E1126.87309
G0 F7200 X126.583 Y161.917
G1 F2400 X137.423 Y151.077 E1127.38297
G0 F7200 X137.423 Y151.643
G1 F2400 X127.148 Y161.917 E1127.86625
G0 F7200 X127.714 Y161.917
G1 F2400 X137.423 Y152.208 E1128.32294
G0 F7200 X137.423 Y152.774
G1 F2400 X128.28 Y161.917 E1128.75299
G0 F7200 X128.845 Y161.917
G1 F2400 X137.423 Y153.34 E1129.15645
G0 F7200 X137.423 Y153.905
G1 F2400 X129.411 Y161.917 E1129.53331
G0 F7200 X129.976 Y161.918
G1 F2400 X137.423 Y154.471 E1129.8836
G0 F7200 X137.423 Y155.037
G1 F2400 X130.542 Y161.918 E1130.20726
G0 F7200 X131.107 Y161.918
G1 F2400 X137.423 Y155.602 E1130.50434
G0 F7200 X137.423 Y156.168
G1 F2400 X131.673 Y161.918 E1130.77481
G0 F7200 X132.239 Y161.918
G1 F2400 X137.423 Y156.734 E1131.01865
G0 F7200 X137.453 Y157.269
G1 F2400 X132.805 Y161.918 E1131.2373
G0 F7200 X133.37 Y161.918
G1 F2400 X137.584 Y157.704 E1131.43551
G0 F7200 X137.825 Y158.028
G1 F2400 X133.936 Y161.918 E1131.61846
G0 F7200 X134.502 Y161.918
G1 F2400 X138.121 Y158.299 E1131.78869
G0 F7200 X138.496 Y158.489
G1 F2400 X135.067 Y161.918 E1131.94998
G0 F7200 X135.633 Y161.918
G1 F2400 X138.973 Y158.577 E1132.1071
G0 F7200 X139.539 Y158.577
G1 F2400 X136.199 Y161.918 E1132.26423
G0 F7200 X136.764 Y161.918
G1 F2400 X140.105 Y158.577 E1132.42138
G0 F7200 X140.67 Y158.577
G1 F2400 X137.33 Y161.918 E1132.57851
G0 F7200 X137.896 Y161.918
G1 F2400 X141.236 Y158.577 E1132.73564
G0 F7200 X141.802 Y158.577
G1 F2400 X138.461 Y161.918 E1132.89279
G0 F7200 X139.027 Y161.918
G1 F2400 X142.367 Y158.577 E1133.04991
G0 F7200 X142.933 Y158.577
G1 F2400 X139.593 Y161.918 E1133.20704
G0 F7200 X140.158 Y161.918
G1 F2400 X143.499 Y158.577 E1133.36419
G0 F7200 X144.065 Y158.577
G1 F2400 X140.724 Y161.918 E1133.52134
G0 F7200 X141.29 Y161.918
G1 F2400 X144.63 Y158.577 E1133.67847
G0 F7200 X145.195 Y158.578
G1 F2400 X141.856 Y161.918 E1133.83555
G0 F7200 X142.421 Y161.918
G1 F2400 X145.761 Y158.578 E1133.99265
G0 F7200 X146.327 Y158.578
G1 F2400 X142.987 Y161.918 E1134.14975
G0 F7200 X143.553 Y161.918
G1 F2400 X146.892 Y158.578 E1134.30683
G0 F7200 X147.458 Y158.578
G1 F2400 X144.118 Y161.918 E1134.46394
G0 F7200 X144.683 Y161.918
G1 F2400 X148.024 Y158.578 E1134.62106
G0 F7200 X148.589 Y158.578
G1 F2400 X145.249 Y161.918 E1134.77817
G0 F7200 X145.815 Y161.918
G1 F2400 X149.155 Y158.578 E1134.93527
G0 F7200 X149.721 Y158.578
G1 F2400 X146.38 Y161.918 E1135.0924
G0 F7200 X146.946 Y161.918
G1 F2400 X150.286 Y158.578 E1135.2495
G0 F7200 X150.852 Y158.578
G1 F2400 X147.512 Y161.918 E1135.4066
G0 F7200 X148.077 Y161.918
G1 F2400 X151.417 Y158.579 E1135.56368
G0 F7200 X151.983 Y158.579
G1 F2400 X148.643 Y161.918 E1135.72076
G0 F7200 X149.209 Y161.918
G1 F2400 X152.548 Y158.579 E1135.87782
G0 F7200 X153.114 Y158.579
G1 F2400 X149.774 Y161.918 E1136.0349
G0 F7200 X150.34 Y161.918
G1 F2400 X153.68 Y158.579 E1136.19198
G0 F7200 X154.245 Y158.579
G1 F2400 X150.906 Y161.918 E1136.34904
G0 F7200 X151.471 Y161.918
G1 F2400 X154.811 Y158.579 E1136.50612
G0 F7200 X155.377 Y158.579
G1 F2400 X152.037 Y161.918 E1136.6632
G0 F7200 X152.603 Y161.918
G1 F2400 X155.943 Y158.579 E1136.82028
G0 F7200 X156.508 Y158.579
G1 F2400 X153.169 Y161.918 E1136.97733
G0 F7200 X153.734 Y161.918
G1 F2400 X157.073 Y158.579 E1137.13439
G0 F7200 X157.639 Y158.579
G1 F2400 X154.3 Y161.918 E1137.29144
G0 F7200 X154.866 Y161.918
G1 F2400 X158.205 Y158.579 E1137.4485
G0 F7200 X158.77 Y158.579
G1 F2400 X155.431 Y161.918 E1137.60556
G0 F7200 X155.997 Y161.918
G1 F2400 X159.336 Y158.579 E1137.76261
G0 F7200 X159.902 Y158.579
G1 F2400 X156.563 Y161.918 E1137.91967
G0 F7200 X157.128 Y161.918
G1 F2400 X160.467 Y158.579 E1138.07673
G0 F7200 X161.033 Y158.579
G1 F2400 X157.694 Y161.918 E1138.23378
G0 F7200 X158.259 Y161.919
G1 F2400 X161.599 Y158.579 E1138.39089
G0 F7200 X162.164 Y158.579
G1 F2400 X158.825 Y161.919 E1138.54797
G0 F7200 X159.39 Y161.919
G1 F2400 X162.73 Y158.579 E1138.70507
G0 F7200 X163.335 Y158.54
G1 F2400 X159.956 Y161.919 E1138.86401
G1 X159.886 Y161.989
G1 F1500 E1132.36401
G1 F600 Z1.7
G0 F7200 X141.631 Y140.08 Z1.7
G1 F600 Z1.6
G1 F1500 E1138.86401
G1 F2400 X119.794 Y161.917 E1139.89115
G0 F7200 X119.229 Y161.917
G1 F2400 X141.066 Y140.08 E1140.9183
G0 F7200 X140.5 Y140.08
G1 F2400 X118.663 Y161.917 E1141.94544
G0 F7200 X118.097 Y161.917
G1 F2400 X139.934 Y140.08 E1142.97259
G0 F7200 X139.369 Y140.08
G1 F2400 X117.532 Y161.917 E1143.99973
G0 F7200 X116.966 Y161.917
G1 F2400 X138.803 Y140.08 E1145.02688
G0 F7200 X138.237 Y140.08
G1 F2400 X116.4 Y161.917 E1146.05403
G0 F7200 X115.835 Y161.917
G1 F2400 X137.672 Y140.08 E1147.08117
G0 F7200 X137.106 Y140.08
G1 F2400 X115.269 Y161.917 E1148.10832
G0 F7200 X115.08 Y161.54
G1 F2400 X136.54 Y140.08 E1149.11773
G0 F7200 X135.975 Y140.08
G1 F2400 X115.08 Y160.974 E1150.10054
G0 F7200 X115.08 Y160.409
G1 F2400 X135.409 Y140.08 E1151.05676
G0 F7200 X134.843 Y140.08
G1 F2400 X115.08 Y159.843 E1151.98635
G0 F7200 X115.08 Y159.277
G1 F2400 X134.277 Y140.08 E1152.88932
G0 F7200 X133.712 Y140.08
G1 F2400 X115.08 Y158.712 E1153.76571
G0 F7200 X115.08 Y158.146
G1 F2400 X133.146 Y140.08 E1154.61548
G0 F7200 X132.58 Y140.08
G1 F2400 X115.08 Y157.58 E1155.43862
G0 F7200 X115.08 Y157.014
G1 F2400 X132.015 Y140.08 E1156.23517
G0 F7200 X131.449 Y140.08
G1 F2400 X115.08 Y156.449 E1157.00512
G0 F7200 X115.08 Y155.883
G1 F2400 X130.883 Y140.08 E1157.74844
G0 F7200 X130.318 Y140.08
G1 F2400 X115.08 Y155.317 E1158.46517
G0 F7200 X115.08 Y154.752
G1 F2400 X129.752 Y140.08 E1159.15529
G0 F7200 X129.186 Y140.08
G1 F2400 X115.08 Y154.186 E1159.8188
G0 F7200 X115.08 Y153.62
G1 F2400 X128.621 Y140.08 E1160.4557
G0 F7200 X128.055 Y140.08
G1 F2400 X115.08 Y153.055 E1161.066
G0 F7200 X115.08 Y152.489
G1 F2400 X127.489 Y140.08 E1161.64969
G0 F7200 X126.924 Y140.08
G1 F2400 X115.08 Y151.923 E1162.20677
G0 F7200 X115.08 Y151.358
G1 F2400 X126.358 Y140.08 E1162.73725
G0 F7200 X125.792 Y140.08
G1 F2400 X115.08 Y150.792 E1163.24111
G0 F7200 X115.08 Y150.226
G1 F2400 X125.226 Y140.08 E1163.71835
G0 F7200 X124.661 Y140.08
G1 F2400 X115.08 Y149.661 E1164.16901
G0 F7200 X115.08 Y149.095
G1 F2400 X124.095 Y140.08 E1164.59304
G0 F7200 X123.529 Y140.08
G1 F2400 X115.08 Y148.529 E1164.99046
G0 F7200 X115.08 Y147.964
G1 F2400 X122.964 Y140.08 E1165.3613
G0 F7200 X122.398 Y140.08
G1 F2400 X115.08 Y147.398 E1165.70552
G0 F7200 X115.08 Y146.832
G1 F2400 X121.832 Y140.08 E1166.02311
G0 F7200 X121.267 Y140.08
G1 F2400 X115.08 Y146.266 E1166.3141
G0 F7200 X115.08 Y145.701
G1 F2400 X120.701 Y140.08 E1166.5785
G0 F7200 X120.135 Y140.08
G1 F2400 X115.08 Y145.135 E1166.81627
G0 F7200 X115.08 Y144.569
G1 F2400 X119.57 Y140.08 E1167.02744
G0 F7200 X119.004 Y140.08
G1 F2400 X115.08 Y144.004 E1167.21201
G0 F7200 X115.08 Y143.438
G1 F2400 X118.438 Y140.08 E1167.36996
G0 F7200 X117.873 Y140.08
G1 F2400 X115.08 Y142.872 E1167.50132
G0 F7200 X115.08 Y142.307
G1 F2400 X117.307 Y140.08 E1167.60607
G0 F7200 X116.741 Y140.08
G1 F2400 X115.08 Y141.741 E1167.68419
G0 F7200 X115.08 Y141.175
G1 F2400 X116.176 Y140.08 E1167.73572
G0 F7200 X115.61 Y140.08
G1 F2400 X115.08 Y140.61 E1167.76065
G1 F1500 E1161.26065
G1 F600 Z1.7
;MESH:NONMESH
G0 F7200 X163.471 Y157.883 Z1.7
;TIME_ELAPSED:1227.286908
;LAYER:8
;MESH:Slide-Body.stl
G0 X163.471 Y157.883 Z1.9
;TYPE:WALL-INNER
G1 F600 Z1.8
G1 F1500 E1167.76065
G1 F3600 X163.247 Y157.97 E1167.76865
G1 X163 Y158 E1167.77692
G1 X139 Y158 E1168.57516
G1 X138.753 Y157.97 E1168.58344
G1 X138.529 Y157.883 E1168.59143
G1 X138.342 Y157.754 E1168.59899
G1 X138.101 Y157.439 E1168.61218
G1 X138 Y157.096 E1168.62407
G1 X138 Y144.905 E1169.02955
G1 X138.101 Y144.561 E1169.04147
G1 X138.342 Y144.246 E1169.05466
G1 X138.529 Y144.117 E1169.06222
G1 X138.754 Y144.03 E1169.07024
G1 X139 Y144 E1169.07849
G1 X163 Y144 E1169.87673
G1 X163.247 Y144.03 E1169.885
G1 X163.471 Y144.117 E1169.893
G1 X163.658 Y144.246 E1169.90055
G1 X163.899 Y144.561 E1169.91374
G1 X164 Y144.905 E1169.92567
G1 X164 Y157.096 E1170.33114
G1 X163.899 Y157.439 E1170.34304
G1 X163.658 Y157.754 E1170.35623
G1 X163.471 Y157.883 E1170.36378
G0 F7200 X163.395 Y157.453
G1 F3600 X163.081 Y157.6 E1170.37531
G1 X138.886 Y157.6 E1171.18004
G1 X138.605 Y157.453 E1171.19059
G1 X138.46 Y157.264 E1171.19851
G1 X138.405 Y157.08 E1171.2049
G1 X138.405 Y144.92 E1171.60934
G1 X138.46 Y144.736 E1171.61573
G1 X138.605 Y144.547 E1171.62366
G1 X138.919 Y144.4 E1171.63519
G1 X163.114 Y144.4 E1172.43992
G1 X163.395 Y144.547 E1172.45046
G1 X163.54 Y144.737 E1172.45841
G1 X163.595 Y144.92 E1172.46477
G1 X163.595 Y157.08 E1172.86921
G1 X163.54 Y157.264 E1172.8756
G1 X163.395 Y157.453 E1172.88352
G1 F1500 E1166.38352
G1 F600 Z1.9
G0 F7200 X187.496 Y162.495 Z1.9
G1 F600 Z1.8
G1 F1500 E1172.88352
G1 F3600 X187.496 Y139.5 E1173.64834
G1 X114.501 Y139.503 E1176.07616
G1 X114.504 Y162.496 E1176.84091
G1 X187.496 Y162.495 E1179.26864
G0 F7200 X187.791 Y162.757
G1 F3600 X187.896 Y162.484 E1179.27836
G1 X187.896 Y139.457 E1180.04425
G1 X187.755 Y139.204 E1180.05388
G1 X187.477 Y139.1 E1180.06375
G1 X114.423 Y139.1 E1182.49354
G1 X114.213 Y139.227 E1182.5017
G1 X114.1 Y139.425 E1182.50928
G1 X114.1 Y162.57 E1183.27909
G1 X114.216 Y162.768 E1183.28672
G1 X114.459 Y162.896 E1183.29586
G1 X187.542 Y162.895 E1185.72661
G1 X187.791 Y162.757 E1185.73607
G0 F7200 X187.835 Y163.219
;TYPE:WALL-OUTER
G1 F2400 X188.087 Y163.036 E1185.74643
G1 X188.232 Y162.809 E1185.75539
G1 X188.296 Y162.529 E1185.76495
G1 X188.296 Y139.393 E1186.53445
G1 X188.219 Y139.161 E1186.54258
G1 X188.033 Y138.906 E1186.55308
G1 X187.807 Y138.764 E1186.56196
G1 X187.521 Y138.7 E1186.5717
G1 X114.468 Y138.7 E1189.00146
G1 X114.237 Y138.746 E1189.00929
G1 X113.954 Y138.916 E1189.02027
G1 X113.841 Y139.043 E1189.02593
G1 X113.733 Y139.273 E1189.03438
G1 X113.7 Y139.458 E1189.04063
G1 X113.7 Y162.525 E1189.80784
G1 X113.743 Y162.753 E1189.81556
G1 X113.907 Y163.032 E1189.82632
G1 X114.083 Y163.177 E1189.8339
G1 X114.383 Y163.296 E1189.84464
G1 X187.607 Y163.295 E1192.28008
G1 X187.835 Y163.219 E1192.28807
G0 F7200 X187.997 Y163.102
G1 F1500 E1185.78807
G1 F600 Z1.9
G0 F7200 X163.199 Y157.027 Z1.9
G1 F600 Z1.8
G1 F1500 E1192.28807
G1 F2400 X163.132 Y157.151 E1192.29276
G1 X163.035 Y157.198 E1192.29635
G1 X138.95 Y157.194 E1193.09742
G1 X138.868 Y157.151 E1193.1005
G1 X138.801 Y157.027 E1193.10518
G1 X138.807 Y144.943 E1193.5071
G1 X138.965 Y144.802 E1193.51414
G1 X163.05 Y144.806 E1194.31521
G1 X163.16 Y144.879 E1194.3196
G1 X163.199 Y144.973 E1194.32299
G1 X163.199 Y157.027 E1194.72391
G0 F7200 X163.132 Y157.151
G0 X163.08 Y157.176
G1 F1500 E1188.22391
G1 F600 Z1.9
G0 F7200 X187.116 Y162.116 Z1.9
;TYPE:SKIN
G1 F600 Z1.8
G1 F1500 E1194.72391
G1 F2400 X114.88 Y162.116 E1197.12648
G1 X114.88 Y139.88 E1197.86606
G1 X187.116 Y139.88 E1200.26864
G1 X187.116 Y162.116 E1201.00821
G1 F1500 E1194.50821
G1 F600 Z1.9
G0 F7200 X163.631 Y158.222 Z1.9
G1 F600 Z1.8
G1 F1500 E1201.00821
G1 F2400 X163.91 Y158.041 E1201.01927
G1 X164.24 Y157.605 E1201.03746
G1 X164.379 Y157.14 E1201.0536
G1 X164.376 Y144.846 E1201.4625
G1 X164.311 Y144.573 E1201.47183
G1 X164.123 Y144.201 E1201.4857
G1 X163.924 Y143.973 E1201.49576
G1 X163.67 Y143.791 E1201.50615
G1 X163.358 Y143.668 E1201.51731
G1 X163.025 Y143.621 E1201.52849
G1 X138.973 Y143.621 E1202.32847
G1 X138.677 Y143.655 E1202.33838
G1 X138.366 Y143.774 E1202.34945
G1 X138.085 Y143.958 E1202.36062
G1 X137.756 Y144.391 E1202.37871
G1 X137.621 Y144.862 E1202.39501
G1 X137.621 Y157.139 E1202.80334
G1 X137.756 Y157.605 E1202.81948
G1 X138.065 Y158.014 E1202.83653
G1 X138.329 Y158.203 E1202.84733
G1 X138.638 Y158.33 E1202.85844
G1 X138.97 Y158.379 E1202.8696
G1 X163.025 Y158.379 E1203.66967
G1 X163.313 Y158.343 E1203.67933
G1 X163.631 Y158.222 E1203.69064
G1 F1500 E1197.19064
G1 F600 Z1.9
G0 F7200 X186.466 Y140.08 Z1.9
G1 F600 Z1.8
G1 F1500 E1203.69064
G1 F2400 X186.916 Y140.53 E1203.71181
G0 F7200 X186.916 Y141.095
G1 F2400 X185.9 Y140.08 E1203.75958
G0 F7200 X185.335 Y140.08
G1 F2400 X186.916 Y141.661 E1203.83394
G0 F7200 X186.916 Y142.227
G1 F2400 X184.769 Y140.08 E1203.93493
G0 F7200 X184.203 Y140.08
G1 F2400 X186.916 Y142.792 E1204.06252
G0 F7200 X186.916 Y143.358
G1 F2400 X183.638 Y140.08 E1204.2167
G0 F7200 X183.072 Y140.08
G1 F2400 X186.916 Y143.924 E1204.39751
G0 F7200 X186.916 Y144.489
G1 F2400 X182.506 Y140.08 E1204.60492
G0 F7200 X181.941 Y140.08
G1 F2400 X186.916 Y145.055 E1204.83893
G0 F7200 X186.916 Y145.621
G1 F2400 X181.375 Y140.08 E1205.09956
G0 F7200 X180.809 Y140.08
G1 F2400 X186.916 Y146.187 E1205.38682
G0 F7200 X186.916 Y146.752
G1 F2400 X180.244 Y140.08 E1205.70065
G0 F7200 X179.678 Y140.08
G1 F2400 X186.916 Y147.318 E1206.0411
G0 F7200 X186.916 Y147.884
G1 F2400 X179.112 Y140.08 E1206.40818
G0 F7200 X178.547 Y140.08
G1 F2400 X186.916 Y148.449 E1206.80183
G0 F7200 X186.916 Y149.015
G1 F2400 X177.981 Y140.08 E1207.2221
G0 F7200 X177.415 Y140.08
G1 F2400 X186.916 Y149.581 E1207.669
G0 F7200 X186.916 Y150.146
G1 F2400 X176.85 Y140.08 E1208.14248
G0 F7200 X176.284 Y140.08
G1 F2400 X186.916 Y150.712 E1208.64257
G0 F7200 X186.916 Y151.278
G1 F2400 X175.718 Y140.08 E1209.16929
G0 F7200 X175.152 Y140.08
G1 F2400 X186.916 Y151.843 E1209.72261
G0 F7200 X186.916 Y152.409
G1 F2400 X174.587 Y140.08 E1210.30253
G0 F7200 X174.021 Y140.08
G1 F2400 X186.916 Y152.975 E1210.90907
G0 F7200 X186.916 Y153.54
G1 F2400 X173.455 Y140.08 E1211.54221
G0 F7200 X172.89 Y140.08
G1 F2400 X186.916 Y154.106 E1212.20195
G0 F7200 X186.916 Y154.672
G1 F2400 X172.324 Y140.08 E1212.88832
G0 F7200 X171.758 Y140.08
G1 F2400 X186.916 Y155.238 E1213.6013
G0 F7200 X186.916 Y155.803
G1 F2400 X171.193 Y140.08 E1214.34086
G0 F7200 X170.627 Y140.08
G1 F2400 X186.916 Y156.369 E1215.10705
G0 F7200 X186.916 Y156.935
G1 F2400 X170.061 Y140.08 E1215.89985
G0 F7200 X169.496 Y140.08
G1 F2400 X186.916 Y157.5 E1216.71924
G0 F7200 X186.916 Y158.066
G1 F2400 X168.93 Y140.08 E1217.56524
G0 F7200 X168.364 Y140.08
G1 F2400 X186.916 Y158.632 E1218.43787
G0 F7200 X186.916 Y159.197
G1 F2400 X167.799 Y140.08 E1219.33708
G0 F7200 X167.233 Y140.08
G1 F2400 X186.916 Y159.763 E1220.26291
G0 F7200 X186.916 Y160.329
G1 F2400 X166.667 Y140.08 E1221.21536
G0 F7200 X166.102 Y140.08
G1 F2400 X186.916 Y160.894 E1222.19438
G0 F7200 X186.916 Y161.46
G1 F2400 X165.536 Y140.08 E1223.20003
G0 F7200 X164.97 Y140.08
G1 F2400 X186.806 Y161.915 E1224.22711
G0 F7200 X186.24 Y161.915
G1 F2400 X164.404 Y140.08 E1225.25418
G0 F7200 X163.839 Y140.08
G1 F2400 X185.674 Y161.915 E1226.28124
G0 F7200 X185.109 Y161.915
G1 F2400 X163.273 Y140.08 E1227.30831
G0 F7200 X162.707 Y140.08
G1 F2400 X184.543 Y161.915 E1228.33539
G0 F7200 X183.977 Y161.915
G1 F2400 X162.142 Y140.08 E1229.36244
G0 F7200 X161.576 Y140.08
G1 F2400 X183.411 Y161.915 E1230.38949
G0 F7200 X182.846 Y161.915
G1 F2400 X161.01 Y140.08 E1231.41656
G0 F7200 X160.445 Y140.08
G1 F2400 X182.28 Y161.915 E1232.44361
G0 F7200 X181.714 Y161.915
G1 F2400 X164.556 Y144.757 E1233.25067
G0 F7200 X164.579 Y145.346
G1 F2400 X181.149 Y161.915 E1234.03005
G0 F7200 X180.583 Y161.915
G1 F2400 X164.579 Y145.911 E1234.78283
G0 F7200 X164.579 Y146.477
G1 F2400 X180.017 Y161.915 E1235.50899
G0 F7200 X179.452 Y161.915
G1 F2400 X164.579 Y147.043 E1236.20854
G0 F7200 X164.579 Y147.609
G1 F2400 X178.886 Y161.915 E1236.88148
G0 F7200 X178.32 Y161.915
G1 F2400 X164.578 Y148.174 E1237.52784
G0 F7200 X164.578 Y148.739
G1 F2400 X177.755 Y161.915 E1238.14762
G0 F7200 X177.189 Y161.915
G1 F2400 X164.578 Y149.305 E1238.74078
G0 F7200 X164.578 Y149.871
G1 F2400 X176.623 Y161.915 E1239.30731
G0 F7200 X176.058 Y161.915
G1 F2400 X164.578 Y150.436 E1239.84728
G0 F7200 X164.578 Y151.002
G1 F2400 X175.492 Y161.915 E1240.36061
G0 F7200 X174.926 Y161.915
G1 F2400 X164.578 Y151.567 E1240.84735
G0 F7200 X164.578 Y152.133
G1 F2400 X174.361 Y161.915 E1241.30749
G0 F7200 X173.795 Y161.915
G1 F2400 X164.578 Y152.698 E1241.74103
G0 F7200 X164.578 Y153.264
G1 F2400 X173.229 Y161.915 E1242.14795
G0 F7200 X172.663 Y161.915
G1 F2400 X164.578 Y153.83 E1242.52824
G0 F7200 X164.577 Y154.395
G1 F2400 X172.098 Y161.915 E1242.88198
G0 F7200 X171.532 Y161.915
G1 F2400 X164.577 Y154.96 E1243.20912
G0 F7200 X164.577 Y155.526
G1 F2400 X170.966 Y161.915 E1243.50964
G0 F7200 X170.401 Y161.915
G1 F2400 X164.577 Y156.092 E1243.78356
G0 F7200 X164.577 Y156.657
G1 F2400 X169.835 Y161.915 E1244.03088
G0 F7200 X169.269 Y161.915
G1 F2400 X164.564 Y157.21 E1244.25219
G0 F7200 X164.433 Y157.645
G1 F2400 X168.704 Y161.915 E1244.45306
G0 F7200 X168.138 Y161.915
G1 F2400 X164.204 Y157.982 E1244.63808
G0 F7200 X163.917 Y158.26
G1 F2400 X167.572 Y161.915 E1244.81
G0 F7200 X167.007 Y161.915
G1 F2400 X163.556 Y158.465 E1244.9723
G0 F7200 X163.095 Y158.569
G1 F2400 X166.441 Y161.915 E1245.12969
G0 F7200 X165.875 Y161.915
G1 F2400 X162.54 Y158.58 E1245.28656
G0 F7200 X161.974 Y158.58
G1 F2400 X165.31 Y161.915 E1245.44345
G0 F7200 X164.744 Y161.915
G1 F2400 X161.408 Y158.58 E1245.60034
G0 F7200 X160.843 Y158.58
G1 F2400 X164.178 Y161.915 E1245.75721
G0 F7200 X163.612 Y161.915
G1 F2400 X160.277 Y158.58 E1245.91408
G0 F7200 X159.711 Y158.58
G1 F2400 X163.047 Y161.915 E1246.07097
G0 F7200 X162.481 Y161.915
G1 F2400 X159.146 Y158.58 E1246.22784
G0 F7200 X158.58 Y158.58
G1 F2400 X161.915 Y161.915 E1246.3847
G0 F7200 X161.35 Y161.915
G1 F2400 X158.014 Y158.58 E1246.5416
G0 F7200 X157.449 Y158.58
G1 F2400 X160.784 Y161.915 E1246.69846
G0 F7200 X160.218 Y161.915
G1 F2400 X156.882 Y158.579 E1246.85538
G0 F7200 X156.317 Y158.579
G1 F2400 X159.653 Y161.915 E1247.01229
G0 F7200 X159.087 Y161.915
G1 F2400 X155.751 Y158.579 E1247.16921
G0 F7200 X155.185 Y158.579
G1 F2400 X158.521 Y161.915 E1247.32612
G0 F7200 X157.956 Y161.915
G1 F2400 X154.62 Y158.579 E1247.48304
G0 F7200 X154.054 Y158.579
G1 F2400 X157.39 Y161.915 E1247.63995
G0 F7200 X156.824 Y161.915
G1 F2400 X153.488 Y158.579 E1247.79687
G0 F7200 X152.922 Y158.579
G1 F2400 X156.259 Y161.915 E1247.95381
G0 F7200 X155.693 Y161.915
G1 F2400 X152.357 Y158.579 E1248.11072
G0 F7200 X151.791 Y158.579
G1 F2400 X155.127 Y161.915 E1248.26764
G0 F7200 X154.562 Y161.915
G1 F2400 X151.225 Y158.579 E1248.42458
G0 F7200 X150.659 Y158.579
G1 F2400 X153.996 Y161.915 E1248.58152
G0 F7200 X153.43 Y161.915
G1 F2400 X150.093 Y158.579 E1248.73846
G0 F7200 X149.528 Y158.579
G1 F2400 X152.864 Y161.915 E1248.89537
G0 F7200 X152.299 Y161.915
G1 F2400 X148.962 Y158.579 E1249.05231
G0 F7200 X148.396 Y158.579
G1 F2400 X151.733 Y161.915 E1249.20925
G0 F7200 X151.167 Y161.915
G1 F2400 X147.831 Y158.579 E1249.36616
G0 F7200 X147.265 Y158.579
G1 F2400 X150.602 Y161.915 E1249.5231
G0 F7200 X150.036 Y161.915
G1 F2400 X146.699 Y158.579 E1249.68004
G0 F7200 X146.134 Y158.579
G1 F2400 X149.47 Y161.915 E1249.83696
G0 F7200 X148.905 Y161.915
G1 F2400 X145.568 Y158.579 E1249.99389
G0 F7200 X145.002 Y158.579
G1 F2400 X148.339 Y161.915 E1250.15083
G0 F7200 X147.773 Y161.915
G1 F2400 X144.436 Y158.578 E1250.3078
G0 F7200 X143.87 Y158.578
G1 F2400 X147.208 Y161.915 E1250.46478
G0 F7200 X146.642 Y161.915
G1 F2400 X143.304 Y158.578 E1250.62177
G0 F7200 X142.739 Y158.578
G1 F2400 X146.076 Y161.915 E1250.77873
G0 F7200 X145.511 Y161.915
G1 F2400 X142.173 Y158.578 E1250.93571
G0 F7200 X141.607 Y158.578
G1 F2400 X144.945 Y161.915 E1251.0927
G0 F7200 X144.379 Y161.915
G1 F2400 X141.042 Y158.578 E1251.24966
G0 F7200 X140.476 Y158.578
G1 F2400 X143.813 Y161.915 E1251.40663
G0 F7200 X143.248 Y161.915
G1 F2400 X139.91 Y158.578 E1251.56361
G0 F7200 X139.345 Y158.578
G1 F2400 X142.682 Y161.915 E1251.72057
G0 F7200 X142.116 Y161.915
G1 F2400 X138.746 Y158.545 E1251.87909
G1 X138.676 Y158.475
G1 F1500 E1245.37909
G1 F600 Z1.9
G0 F7200 X137.447 Y157.246 Z1.9
G1 F600 Z1.8
G1 F1500 E1251.87909
G1 F2400 X120.281 Y140.08 E1252.68652
G0 F7200 X119.715 Y140.08
G1 F2400 X141.551 Y161.915 E1253.7136
G0 F7200 X140.985 Y161.915
G1 F2400 X119.15 Y140.08 E1254.74065
G0 F7200 X118.584 Y140.08
G1 F2400 X140.419 Y161.915 E1255.7677
G0 F7200 X139.854 Y161.915
G1 F2400 X118.018 Y140.08 E1256.79478
G0 F7200 X117.453 Y140.08
G1 F2400 X139.288 Y161.915 E1257.82183
G0 F7200 X138.722 Y161.915
G1 F2400 X116.887 Y140.08 E1258.84888
G0 F7200 X116.321 Y140.08
G1 F2400 X138.157 Y161.915 E1259.87595
G0 F7200 X137.591 Y161.915
G1 F2400 X115.756 Y140.08 E1260.90301
G0 F7200 X115.19 Y140.08
G1 F2400 X137.025 Y161.915 E1261.93006
G0 F7200 X136.46 Y161.915
G1 F2400 X115.08 Y140.535 E1262.93571
G0 F7200 X115.08 Y141.101
G1 F2400 X135.894 Y161.915 E1263.91473
G0 F7200 X135.328 Y161.915
G1 F2400 X115.08 Y141.667 E1264.86714
G0 F7200 X115.08 Y142.232
G1 F2400 X134.763 Y161.915 E1265.79297
G0 F7200 X134.197 Y161.915
G1 F2400 X115.08 Y142.798 E1266.69217
G0 F7200 X115.08 Y143.364
G1 F2400 X133.631 Y161.915 E1267.56475
G0 F7200 X133.065 Y161.915
G1 F2400 X115.08 Y143.929 E1268.41074
G0 F7200 X115.08 Y144.495
G1 F2400 X132.5 Y161.915 E1269.23012
G0 F7200 X131.934 Y161.915
G1 F2400 X115.08 Y145.061 E1270.02288
G0 F7200 X115.08 Y145.627
G1 F2400 X131.368 Y161.915 E1270.78902
G0 F7200 X130.803 Y161.915
G1 F2400 X115.08 Y146.192 E1271.52858
G0 F7200 X115.08 Y146.758
G1 F2400 X130.237 Y161.915 E1272.24152
G0 F7200 X129.671 Y161.915
G1 F2400 X115.08 Y147.324 E1272.92783
G0 F7200 X115.08 Y147.889
G1 F2400 X129.106 Y161.915 E1273.58757
G0 F7200 X128.54 Y161.915
G1 F2400 X115.08 Y148.455 E1274.22069
G0 F7200 X115.08 Y149.021
G1 F2400 X127.974 Y161.915 E1274.82718
G0 F7200 X127.409 Y161.915
G1 F2400 X115.08 Y149.586 E1275.4071
G0 F7200 X115.08 Y150.152
G1 F2400 X126.843 Y161.915 E1275.9604
G0 F7200 X126.277 Y161.915
G1 F2400 X115.08 Y150.718 E1276.48707
G0 F7200 X115.08 Y151.283
G1 F2400 X125.712 Y161.915 E1276.98717
G0 F7200 X125.146 Y161.915
G1 F2400 X115.08 Y151.849 E1277.46064
G0 F7200 X115.08 Y152.415
G1 F2400 X124.58 Y161.915 E1277.90749
G0 F7200 X124.015 Y161.915
G1 F2400 X115.08 Y152.98 E1278.32777
G0 F7200 X115.08 Y153.546
G1 F2400 X123.449 Y161.915 E1278.72142
G0 F7200 X122.883 Y161.915
G1 F2400 X115.08 Y154.112 E1279.08845
G0 F7200 X115.08 Y154.677
G1 F2400 X122.317 Y161.915 E1279.42888
G0 F7200 X121.752 Y161.915
G1 F2400 X115.08 Y155.243 E1279.74271
G0 F7200 X115.08 Y155.809
G1 F2400 X121.186 Y161.915 E1280.02992
G0 F7200 X120.62 Y161.915
G1 F2400 X115.08 Y156.375 E1280.2905
G0 F7200 X115.08 Y156.94
G1 F2400 X120.055 Y161.915 E1280.52451
G0 F7200 X119.489 Y161.915
G1 F2400 X115.08 Y157.506 E1280.7319
G0 F7200 X115.08 Y158.072
G1 F2400 X118.923 Y161.915 E1280.91266
G0 F7200 X118.358 Y161.915
G1 F2400 X115.08 Y158.637 E1281.06685
G0 F7200 X115.08 Y159.203
G1 F2400 X117.792 Y161.915 E1281.19441
G0 F7200 X117.226 Y161.915
G1 F2400 X115.08 Y159.769 E1281.29535
G0 F7200 X115.08 Y160.334
G1 F2400 X116.661 Y161.915 E1281.36972
G0 F7200 X116.095 Y161.915
G1 F2400 X115.08 Y160.9 E1281.41746
G0 F7200 X115.08 Y161.466
G1 F2400 X115.529 Y161.915 E1281.43858
G1 F1500 E1274.93858
G1 F600 Z1.9
G0 F7200 X120.847 Y140.08 Z1.9
G1 F600 Z1.8
G1 F1500 E1281.43858
G1 F2400 X137.423 Y156.657 E1282.21829
G0 F7200 X137.423 Y156.091
G1 F2400 X121.412 Y140.08 E1282.97139
G0 F7200 X121.978 Y140.08
G1 F2400 X137.423 Y155.525 E1283.69788
G0 F7200 X137.423 Y154.96
G1 F2400 X122.544 Y140.08 E1284.39777
G0 F7200 X123.109 Y140.08
G1 F2400 X137.423 Y154.394 E1285.07105
G0 F7200 X137.423 Y153.828
G1 F2400 X123.675 Y140.08 E1285.71772
G0 F7200 X124.241 Y140.08
G1 F2400 X137.423 Y153.263 E1286.33778
G0 F7200 X137.423 Y152.697
G1 F2400 X124.806 Y140.08 E1286.93125
G0 F7200 X125.372 Y140.08
G1 F2400 X137.423 Y152.131 E1287.49809
G0 F7200 X137.423 Y151.566
G1 F2400 X125.938 Y140.08 E1288.03833
G0 F7200 X126.504 Y140.08
G1 F2400 X137.423 Y151 E1288.55195
G0 F7200 X137.423 Y150.434
G1 F2400 X127.069 Y140.08 E1289.03897
G0 F7200 X127.635 Y140.08
G1 F2400 X137.423 Y149.868 E1289.49937
G0 F7200 X137.423 Y149.303
G1 F2400 X128.201 Y140.08 E1289.93317
G0 F7200 X128.766 Y140.08
G1 F2400 X137.423 Y148.737 E1290.34037
G0 F7200 X137.423 Y148.171
G1 F2400 X129.332 Y140.08 E1290.72094
G0 F7200 X129.898 Y140.08
G1 F2400 X137.423 Y147.606 E1291.07492
G0 F7200 X137.423 Y147.04
G1 F2400 X130.463 Y140.08 E1291.40229
G0 F7200 X131.029 Y140.08
G1 F2400 X137.423 Y146.474 E1291.70305
G0 F7200 X137.423 Y145.909
G1 F2400 X131.595 Y140.08 E1291.9772
G0 F7200 X132.16 Y140.08
G1 F2400 X137.423 Y145.343 E1292.22476
G0 F7200 X137.436 Y144.79
G1 F2400 X132.726 Y140.08 E1292.4463
G0 F7200 X133.292 Y140.08
G1 F2400 X137.563 Y144.351 E1292.6472
G0 F7200 X137.793 Y144.016
G1 F2400 X133.857 Y140.08 E1292.83234
G0 F7200 X134.423 Y140.08
G1 F2400 X138.072 Y143.729 E1293.00397
G0 F7200 X138.442 Y143.533
G1 F2400 X134.989 Y140.08 E1293.16639
G0 F7200 X135.554 Y140.08
G1 F2400 X138.902 Y143.427 E1293.32385
G0 F7200 X139.462 Y143.422
G1 F2400 X136.12 Y140.08 E1293.48105
G0 F7200 X136.686 Y140.08
G1 F2400 X140.028 Y143.422 E1293.63824
G0 F7200 X140.593 Y143.422
G1 F2400 X137.252 Y140.08 E1293.79542
G0 F7200 X137.817 Y140.08
G1 F2400 X141.159 Y143.422 E1293.95261
G0 F7200 X141.725 Y143.422
G1 F2400 X138.383 Y140.08 E1294.10981
G0 F7200 X138.949 Y140.08
G1 F2400 X142.29 Y143.422 E1294.26699
G0 F7200 X142.856 Y143.422
G1 F2400 X139.514 Y140.08 E1294.42418
G0 F7200 X140.08 Y140.08
G1 F2400 X143.422 Y143.422 E1294.58138
G0 F7200 X143.987 Y143.422
G1 F2400 X140.646 Y140.08 E1294.73855
G0 F7200 X141.211 Y140.08
G1 F2400 X144.553 Y143.422 E1294.89575
G0 F7200 X145.119 Y143.422
G1 F2400 X141.777 Y140.08 E1295.05295
G0 F7200 X142.343 Y140.08
G1 F2400 X145.685 Y143.422 E1295.21015
G0 F7200 X146.25 Y143.422
G1 F2400 X142.908 Y140.08 E1295.36734
G0 F7200 X143.474 Y140.08
G1 F2400 X146.816 Y143.422 E1295.52454
G0 F7200 X147.382 Y143.422
G1 F2400 X144.04 Y140.08 E1295.68174
G0 F7200 X144.605 Y140.08
G1 F2400 X147.947 Y143.422 E1295.83894
G0 F7200 X148.513 Y143.422
G1 F2400 X145.171 Y140.08 E1295.99613
G0 F7200 X145.737 Y140.08
G1 F2400 X149.079 Y143.422 E1296.15333
G0 F7200 X149.644 Y143.422
G1 F2400 X146.303 Y140.08 E1296.3105
G0 F7200 X146.868 Y140.08
G1 F2400 X150.21 Y143.422 E1296.4677
G0 F7200 X150.776 Y143.422
G1 F2400 X147.434 Y140.08 E1296.6249
G0 F7200 X148 Y140.08
G1 F2400 X151.342 Y143.422 E1296.7821
G0 F7200 X151.908 Y143.422
G1 F2400 X148.565 Y140.08 E1296.93932
G0 F7200 X149.131 Y140.08
G1 F2400 X152.473 Y143.422 E1297.09652
G0 F7200 X153.039 Y143.422
G1 F2400 X149.697 Y140.08 E1297.25371
G0 F7200 X150.262 Y140.08
G1 F2400 X153.605 Y143.422 E1297.41093
G0 F7200 X154.17 Y143.422
G1 F2400 X150.828 Y140.08 E1297.56813
G0 F7200 X151.394 Y140.08
G1 F2400 X154.736 Y143.422 E1297.72533
G0 F7200 X155.302 Y143.422
G1 F2400 X151.959 Y140.08 E1297.88255
G0 F7200 X152.525 Y140.08
G1 F2400 X155.868 Y143.422 E1298.03977
G0 F7200 X156.433 Y143.422
G1 F2400 X153.091 Y140.08 E1298.19697
G0 F7200 X153.656 Y140.08
G1 F2400 X156.999 Y143.422 E1298.35419
G0 F7200 X157.565 Y143.422
G1 F2400 X154.222 Y140.08 E1298.51141
G0 F7200 X154.788 Y140.08
G1 F2400 X158.13 Y143.422 E1298.66861
G0 F7200 X158.696 Y143.422
G1 F2400 X155.353 Y140.08 E1298.82583
G0 F7200 X155.919 Y140.08
G1 F2400 X159.262 Y143.422 E1298.98305
G0 F7200 X159.827 Y143.422
G1 F2400 X156.485 Y140.08 E1299.14025
G0 F7200 X157.051 Y140.08
G1 F2400 X160.393 Y143.422 E1299.29744
G0 F7200 X160.959 Y143.422
G1 F2400 X157.616 Y140.08 E1299.45467
G0 F7200 X158.182 Y140.08
G1 F2400 X161.524 Y143.422 E1299.61186
G0 F7200 X162.09 Y143.422
G1 F2400 X158.748 Y140.08 E1299.76906
G0 F7200 X159.313 Y140.08
G1 F2400 X162.656 Y143.422 E1299.92628
G0 F7200 X163.253 Y143.454
G1 F2400 X159.879 Y140.08 E1300.08498
G1 X159.809 Y140.01
G1 F1500 E1293.58498
G1 F600 Z1.9
;MESH:NONMESH
G0 F7200 X163.471 Y157.883 Z1.9
;TIME_ELAPSED:1332.299405
;LAYER:9
;MESH:Slide-Body.stl
G0 X163.471 Y157.883 Z2.1
;TYPE:WALL-INNER
G1 F600 Z2
G1 F1500 E1300.08498
G1 F3600 X163.247 Y157.97 E1300.09298
G1 X163 Y158 E1300.10125
G1 X139 Y158 E1300.8995
G1 X138.753 Y157.97 E1300.90777
G1 X138.529 Y157.883 E1300.91576
G1 X138.342 Y157.754 E1300.92332
G1 X138.101 Y157.439 E1300.93651
G1 X138 Y157.096 E1300.9484
G1 X138 Y144.905 E1301.35388
G1 X138.101 Y144.561 E1301.3658
G1 X138.342 Y144.246 E1301.37899
G1 X138.529 Y144.117 E1301.38655
G1 X138.754 Y144.03 E1301.39457
G1 X139 Y144 E1301.40282
G1 X163 Y144 E1302.20106
G1 X163.247 Y144.03 E1302.20933
G1 X163.471 Y144.117 E1302.21733
G1 X163.658 Y144.246 E1302.22488
G1 X163.899 Y144.561 E1302.23807
G1 X164 Y144.905 E1302.25
G1 X164 Y157.096 E1302.65547
G1 X163.899 Y157.439 E1302.66737
G1 X163.658 Y157.754 E1302.68056
G1 X163.471 Y157.883 E1302.68811
G0 F7200 X163.395 Y157.453
G1 F3600 X163.081 Y157.6 E1302.69964
G1 X138.886 Y157.6 E1303.50437
G1 X138.605 Y157.453 E1303.51492
G1 X138.46 Y157.264 E1303.52284
G1 X138.405 Y157.08 E1303.52923
G1 X138.405 Y144.92 E1303.93368
G1 X138.46 Y144.736 E1303.94006
G1 X138.605 Y144.547 E1303.94799
G1 X138.886 Y144.4 E1303.95853
G1 X163.114 Y144.4 E1304.76436
G1 X163.395 Y144.547 E1304.77491
G1 X163.54 Y144.737 E1304.78286
G1 X163.595 Y144.92 E1304.78921
G1 X163.595 Y157.08 E1305.19366
G1 X163.54 Y157.264 E1305.20004
G1 X163.395 Y157.453 E1305.20797
G1 F1500 E1298.70797
G1 F600 Z2.1
G0 F7200 X187.496 Y162.495 Z2.1
G1 F600 Z2
G1 F1500 E1305.20797
G1 F3600 X187.496 Y139.5 E1305.97278
G1 X114.503 Y139.501 E1308.40054
G1 X114.5 Y162.492 E1309.16522
G1 X187.496 Y162.495 E1311.59308
G0 F7200 X187.699 Y162.835
G1 F3600 X187.856 Y162.664 E1311.6008
G1 X187.896 Y162.484 E1311.60693
G1 X187.896 Y139.507 E1312.37115
G1 X187.849 Y139.316 E1312.3777
G1 X187.666 Y139.142 E1312.38609
G1 X187.477 Y139.1 E1312.39253
G1 X114.495 Y139.1 E1314.81992
G1 X114.316 Y139.149 E1314.8261
G1 X114.181 Y139.271 E1314.83215
G1 X114.101 Y139.431 E1314.8381
G1 X114.1 Y162.456 E1315.60391
G1 X114.132 Y162.642 E1315.61019
G1 X114.282 Y162.829 E1315.61816
G1 X114.454 Y162.896 E1315.6243
G1 X187.49 Y162.896 E1318.05349
G1 X187.699 Y162.835 E1318.06073
G0 F7200 X187.77 Y163.249
;TYPE:WALL-OUTER
G1 F2400 X187.931 Y163.166 E1318.06676
G1 X188.141 Y162.969 E1318.07633
G1 X188.234 Y162.81 E1318.08246
G1 X188.296 Y162.526 E1318.09213
G1 X188.296 Y139.468 E1318.85904
G1 X188.187 Y139.092 E1318.87206
G1 X187.969 Y138.855 E1318.88277
G1 X187.811 Y138.765 E1318.88882
G1 X187.521 Y138.7 E1318.8987
G1 X114.461 Y138.7 E1321.32869
G1 X114.095 Y138.81 E1321.3414
G1 X113.858 Y139.024 E1321.35202
G1 X113.733 Y139.272 E1321.36126
G1 X113.701 Y139.458 E1321.36754
G1 X113.7 Y162.49 E1322.13358
G1 X113.748 Y162.768 E1322.14297
G1 X113.83 Y162.932 E1322.14906
G1 X114.03 Y163.145 E1322.15878
G1 X114.389 Y163.296 E1322.17174
G1 X187.528 Y163.296 E1324.60435
G1 X187.77 Y163.249 E1324.61255
G0 F7200 X187.931 Y163.166
G0 X187.944 Y163.154
G1 F1500 E1318.11255
G1 F600 Z2.1
G0 F7200 X163.199 Y157.027 Z2.1
G1 F600 Z2
G1 F1500 E1324.61255
G1 F2400 X163.132 Y157.151 E1324.61724
G1 X163.035 Y157.198 E1324.62082
G1 X138.95 Y157.194 E1325.42189
G1 X138.868 Y157.151 E1325.42497
G1 X138.801 Y157.027 E1325.42966
G1 X138.807 Y144.943 E1325.83157
G1 X138.965 Y144.802 E1325.83862
G1 X163.05 Y144.806 E1326.63969
G1 X163.16 Y144.879 E1326.64408
G1 X163.199 Y144.973 E1326.64746
G1 X163.199 Y157.027 E1327.04838
G0 F7200 X163.132 Y157.151
G0 X163.08 Y157.176
G1 F1500 E1320.54838
G1 F600 Z2.1
G0 F7200 X187.116 Y162.116 Z2.1
;TYPE:SKIN
G1 F600 Z2
G1 F1500 E1327.04838
G1 F2400 X114.88 Y162.116 E1329.45096
G1 X114.88 Y139.88 E1330.19053
G1 X187.116 Y139.88 E1332.59311
G1 X187.116 Y162.116 E1333.33269
G1 F1500 E1326.83269
G1 F600 Z2.1
G0 F7200 X163.631 Y158.222 Z2.1
G1 F600 Z2
G1 F1500 E1333.33269
G1 F2400 X163.91 Y158.041 E1333.34375
G1 X164.24 Y157.605 E1333.36193
G1 X164.379 Y157.14 E1333.37808
G1 X164.376 Y144.846 E1333.78698
G1 X164.311 Y144.573 E1333.79631
G1 X164.123 Y144.201 E1333.81017
G1 X163.924 Y143.973 E1333.82024
G1 X163.67 Y143.791 E1333.83063
G1 X163.358 Y143.668 E1333.84179
G1 X163.025 Y143.621 E1333.85297
G1 X138.973 Y143.621 E1334.65294
G1 X138.677 Y143.655 E1334.66285
G1 X138.366 Y143.774 E1334.67393
G1 X138.085 Y143.958 E1334.6851
G1 X137.756 Y144.391 E1334.70319
G1 X137.621 Y144.862 E1334.71948
G1 X137.621 Y157.139 E1335.12782
G1 X137.756 Y157.605 E1335.14395
G1 X138.065 Y158.014 E1335.161
G1 X138.329 Y158.203 E1335.1718
G1 X138.638 Y158.33 E1335.18291
G1 X138.97 Y158.379 E1335.19408
G1 X163.025 Y158.379 E1335.99415
G1 X163.313 Y158.343 E1336.0038
G1 X163.631 Y158.222 E1336.01512
G1 F1500 E1329.51512
G1 F600 Z2.1
G0 F7200 X186.546 Y161.916 Z2.1
G1 F600 Z2
G1 F1500 E1336.01512
G1 F2400 X186.916 Y161.546 E1336.03252
G0 F7200 X186.916 Y160.981
G1 F2400 X185.98 Y161.916 E1336.07653
G0 F7200 X185.415 Y161.916
G1 F2400 X186.916 Y160.415 E1336.14713
G0 F7200 X186.916 Y159.849
G1 F2400 X184.849 Y161.916 E1336.24435
G0 F7200 X184.283 Y161.916
G1 F2400 X186.916 Y159.284 E1336.36818
G0 F7200 X186.916 Y158.718
G1 F2400 X183.718 Y161.916 E1336.5186
G0 F7200 X183.152 Y161.916
G1 F2400 X186.916 Y158.152 E1336.69565
G0 F7200 X186.916 Y157.587
G1 F2400 X182.586 Y161.916 E1336.8993
G0 F7200 X182.021 Y161.916
G1 F2400 X186.916 Y157.021 E1337.12954
G0 F7200 X186.916 Y156.455
G1 F2400 X181.455 Y161.916 E1337.38641
G0 F7200 X180.889 Y161.916
G1 F2400 X186.916 Y155.889 E1337.6699
G0 F7200 X186.916 Y155.324
G1 F2400 X180.324 Y161.916 E1337.97997
G0 F7200 X179.758 Y161.916
G1 F2400 X186.916 Y154.758 E1338.31666
G0 F7200 X186.916 Y154.192
G1 F2400 X179.192 Y161.916 E1338.67997
G0 F7200 X178.626 Y161.916
G1 F2400 X186.916 Y153.627 E1339.06989
G0 F7200 X186.916 Y153.061
G1 F2400 X178.061 Y161.916 E1339.4864
G0 F7200 X177.495 Y161.916
G1 F2400 X186.916 Y152.495 E1339.92953
G0 F7200 X186.916 Y151.93
G1 F2400 X176.929 Y161.916 E1340.39927
G0 F7200 X176.364 Y161.916
G1 F2400 X186.916 Y151.364 E1340.8956
G0 F7200 X186.916 Y150.798
G1 F2400 X175.798 Y161.916 E1341.41856
G0 F7200 X175.232 Y161.916
G1 F2400 X186.916 Y150.233 E1341.96811
G0 F7200 X186.916 Y149.667
G1 F2400 X174.667 Y161.916 E1342.54427
G0 F7200 X174.101 Y161.916
G1 F2400 X186.916 Y149.101 E1343.14705
G0 F7200 X186.916 Y148.536
G1 F2400 X173.535 Y161.916 E1343.77642
G0 F7200 X172.97 Y161.916
G1 F2400 X186.916 Y147.97 E1344.4324
G0 F7200 X186.916 Y147.404
G1 F2400 X172.404 Y161.916 E1345.115
G0 F7200 X171.838 Y161.916
G1 F2400 X186.916 Y146.839 E1345.8242
G0 F7200 X186.916 Y146.273
G1 F2400 X171.273 Y161.916 E1346.56
G0 F7200 X170.707 Y161.916
G1 F2400 X186.916 Y145.707 E1347.32242
G0 F7200 X186.916 Y145.141
G1 F2400 X170.141 Y161.916 E1348.11147
G0 F7200 X169.576 Y161.916
G1 F2400 X186.916 Y144.576 E1348.92709
G0 F7200 X186.916 Y144.01
G1 F2400 X169.01 Y161.916 E1349.76933
G0 F7200 X168.444 Y161.916
G1 F2400 X186.916 Y143.444 E1350.6382
G0 F7200 X186.916 Y142.879
G1 F2400 X167.878 Y161.916 E1351.53366
G0 F7200 X167.313 Y161.916
G1 F2400 X186.916 Y142.313 E1352.45573
G0 F7200 X186.916 Y141.747
G1 F2400 X166.747 Y161.916 E1353.40441
G0 F7200 X166.181 Y161.916
G1 F2400 X186.916 Y141.182 E1354.3797
G0 F7200 X186.916 Y140.616
G1 F2400 X165.616 Y161.916 E1355.38159
G0 F7200 X165.05 Y161.916
G1 F2400 X186.886 Y140.08 E1356.40869
G0 F7200 X186.321 Y140.08
G1 F2400 X164.484 Y161.916 E1357.43581
G0 F7200 X163.919 Y161.916
G1 F2400 X185.755 Y140.08 E1358.46291
G0 F7200 X185.189 Y140.08
G1 F2400 X163.353 Y161.916 E1359.49001
G0 F7200 X162.787 Y161.916
G1 F2400 X184.623 Y140.08 E1360.5171
G0 F7200 X184.058 Y140.08
G1 F2400 X162.222 Y161.916 E1361.5442
G0 F7200 X161.656 Y161.916
G1 F2400 X183.492 Y140.08 E1362.5713
G0 F7200 X182.926 Y140.08
G1 F2400 X161.09 Y161.916 E1363.5984
G0 F7200 X160.525 Y161.916
G1 F2400 X182.361 Y140.08 E1364.6255
G0 F7200 X181.795 Y140.08
G1 F2400 X164.521 Y157.354 E1365.43801
G0 F7200 X164.578 Y156.732
G1 F2400 X181.229 Y140.08 E1366.22125
G0 F7200 X180.664 Y140.08
G1 F2400 X164.578 Y156.166 E1366.97789
G0 F7200 X164.578 Y155.6
G1 F2400 X180.098 Y140.08 E1367.7079
G0 F7200 X179.532 Y140.08
G1 F2400 X164.578 Y155.035 E1368.41131
G0 F7200 X164.578 Y154.469
G1 F2400 X178.967 Y140.08 E1369.08813
G0 F7200 X178.401 Y140.08
G1 F2400 X164.578 Y153.902 E1369.7383
G0 F7200 X164.578 Y153.337
G1 F2400 X177.835 Y140.08 E1370.36186
G0 F7200 X177.27 Y140.08
G1 F2400 X164.578 Y152.771 E1370.95883
G0 F7200 X164.578 Y152.205
G1 F2400 X176.704 Y140.08 E1371.52918
G0 F7200 X176.138 Y140.08
G1 F2400 X164.578 Y151.64 E1372.07293
G0 F7200 X164.578 Y151.074
G1 F2400 X175.572 Y140.08 E1372.59005
G0 F7200 X175.007 Y140.08
G1 F2400 X164.579 Y150.508 E1373.08055
G0 F7200 X164.579 Y149.942
G1 F2400 X174.441 Y140.08 E1373.54443
G0 F7200 X173.875 Y140.08
G1 F2400 X164.579 Y149.376 E1373.98169
G0 F7200 X164.579 Y148.811
G1 F2400 X173.31 Y140.08 E1374.39237
G0 F7200 X172.744 Y140.08
G1 F2400 X164.579 Y148.245 E1374.77642
G0 F7200 X164.58 Y147.679
G1 F2400 X172.178 Y140.08 E1375.13383
G0 F7200 X171.613 Y140.08
G1 F2400 X164.58 Y147.113 E1375.46464
G0 F7200 X164.58 Y146.547
G1 F2400 X171.047 Y140.08 E1375.76883
G0 F7200 X170.481 Y140.08
G1 F2400 X164.58 Y145.981 E1376.0464
G0 F7200 X164.58 Y145.416
G1 F2400 X169.916 Y140.08 E1376.29738
G0 F7200 X169.35 Y140.08
G1 F2400 X164.574 Y144.856 E1376.52203
G0 F7200 X164.448 Y144.417
G1 F2400 X168.784 Y140.08 E1376.72601
G0 F7200 X168.219 Y140.08
G1 F2400 X164.247 Y144.051 E1376.91282
G0 F7200 X163.975 Y143.758
G1 F2400 X167.653 Y140.08 E1377.08582
G0 F7200 X167.087 Y140.08
G1 F2400 X163.611 Y143.556 E1377.24932
G0 F7200 X163.161 Y143.44
G1 F2400 X166.522 Y140.08 E1377.40739
G0 F7200 X165.956 Y140.08
G1 F2400 X162.613 Y143.423 E1377.56463
G0 F7200 X162.047 Y143.423
G1 F2400 X165.39 Y140.08 E1377.72187
G0 F7200 X164.824 Y140.08
G1 F2400 X161.481 Y143.423 E1377.87912
G0 F7200 X160.916 Y143.423
G1 F2400 X164.259 Y140.08 E1378.03636
G0 F7200 X163.693 Y140.08
G1 F2400 X160.35 Y143.423 E1378.19361
G0 F7200 X159.784 Y143.423
G1 F2400 X163.127 Y140.08 E1378.35085
G0 F7200 X162.562 Y140.08
G1 F2400 X159.219 Y143.423 E1378.5081
G0 F7200 X158.653 Y143.423
G1 F2400 X161.996 Y140.08 E1378.66534
G0 F7200 X161.43 Y140.08
G1 F2400 X158.087 Y143.423 E1378.82259
G0 F7200 X157.521 Y143.423
G1 F2400 X160.865 Y140.08 E1378.97985
G0 F7200 X160.299 Y140.08
G1 F2400 X156.956 Y143.423 E1379.1371
G0 F7200 X156.39 Y143.423
G1 F2400 X159.733 Y140.08 E1379.29434
G0 F7200 X159.168 Y140.08
G1 F2400 X155.824 Y143.423 E1379.45161
G0 F7200 X155.259 Y143.423
G1 F2400 X158.602 Y140.08 E1379.60886
G0 F7200 X158.036 Y140.08
G1 F2400 X154.693 Y143.423 E1379.7661
G0 F7200 X154.127 Y143.423
G1 F2400 X157.471 Y140.08 E1379.92337
G0 F7200 X156.905 Y140.08
G1 F2400 X153.562 Y143.423 E1380.08061
G0 F7200 X152.996 Y143.423
G1 F2400 X156.339 Y140.08 E1380.23786
G0 F7200 X155.774 Y140.08
G1 F2400 X152.43 Y143.423 E1380.39512
G0 F7200 X151.865 Y143.423
G1 F2400 X155.208 Y140.08 E1380.55237
G0 F7200 X154.642 Y140.08
G1 F2400 X151.299 Y143.423 E1380.70961
G0 F7200 X150.734 Y143.422
G1 F2400 X154.076 Y140.08 E1380.86681
G0 F7200 X153.511 Y140.08
G1 F2400 X150.168 Y143.422 E1381.02403
G0 F7200 X149.603 Y143.422
G1 F2400 X152.945 Y140.08 E1381.18123
G0 F7200 X152.379 Y140.08
G1 F2400 X149.037 Y143.422 E1381.33843
G0 F7200 X148.471 Y143.422
G1 F2400 X151.814 Y140.08 E1381.49565
G0 F7200 X151.248 Y140.08
G1 F2400 X147.906 Y143.422 E1381.65285
G0 F7200 X147.34 Y143.422
G1 F2400 X150.682 Y140.08 E1381.81004
G0 F7200 X150.117 Y140.08
G1 F2400 X146.774 Y143.422 E1381.96726
G0 F7200 X146.208 Y143.422
G1 F2400 X149.551 Y140.08 E1382.12448
G0 F7200 X148.985 Y140.08
G1 F2400 X145.643 Y143.422 E1382.28168
G0 F7200 X145.077 Y143.422
G1 F2400 X148.42 Y140.08 E1382.4389
G0 F7200 X147.854 Y140.08
G1 F2400 X144.511 Y143.422 E1382.59612
G0 F7200 X143.946 Y143.422
G1 F2400 X147.288 Y140.08 E1382.75332
G0 F7200 X146.723 Y140.08
G1 F2400 X143.38 Y143.422 E1382.91054
G0 F7200 X142.814 Y143.422
G1 F2400 X146.157 Y140.08 E1383.06776
G0 F7200 X145.591 Y140.08
G1 F2400 X142.249 Y143.422 E1383.22496
G0 F7200 X141.683 Y143.422
G1 F2400 X145.025 Y140.08 E1383.38216
G0 F7200 X144.46 Y140.08
G1 F2400 X141.117 Y143.422 E1383.53938
G0 F7200 X140.552 Y143.422
G1 F2400 X143.894 Y140.08 E1383.69658
G0 F7200 X143.328 Y140.08
G1 F2400 X139.986 Y143.422 E1383.85377
G0 F7200 X139.42 Y143.422
G1 F2400 X142.763 Y140.08 E1384.01099
G0 F7200 X142.197 Y140.08
G1 F2400 X138.843 Y143.434 E1384.16876
G1 X138.773 Y143.504
G1 F1500 E1377.66876
G1 F600 Z2.1
G0 F7200 X137.423 Y144.854 Z2.1
G1 F600 Z2
G1 F1500 E1384.16876
G1 F2400 X120.361 Y161.916 E1384.9713
G0 F7200 X120.927 Y161.916
G1 F2400 X137.423 Y145.42 E1385.74722
G0 F7200 X137.423 Y145.986
G1 F2400 X121.492 Y161.916 E1386.49654
G0 F7200 X122.058 Y161.916
G1 F2400 X137.423 Y146.551 E1387.21927
G0 F7200 X137.423 Y147.117
G1 F2400 X122.624 Y161.916 E1387.91537
G0 F7200 X123.189 Y161.916
G1 F2400 X137.423 Y147.683 E1388.58487
G0 F7200 X137.423 Y148.248
G1 F2400 X123.755 Y161.916 E1389.22777
G0 F7200 X124.321 Y161.916
G1 F2400 X137.423 Y148.814 E1389.84405
G0 F7200 X137.423 Y149.38
G1 F2400 X124.886 Y161.916 E1390.43372
G0 F7200 X125.452 Y161.916
G1 F2400 X137.423 Y149.946 E1390.99678
G0 F7200 X137.423 Y150.511
G1 F2400 X126.018 Y161.916 E1391.53324
G0 F7200 X126.583 Y161.916
G1 F2400 X137.423 Y151.077 E1392.04309
G0 F7200 X137.423 Y151.643
G1 F2400 X127.149 Y161.916 E1392.52633
G0 F7200 X127.715 Y161.916
G1 F2400 X137.423 Y152.208 E1392.98296
G0 F7200 X137.423 Y152.774
G1 F2400 X128.28 Y161.916 E1393.413
G0 F7200 X128.846 Y161.916
G1 F2400 X137.423 Y153.34 E1393.81641
G0 F7200 X137.423 Y153.905
G1 F2400 X129.412 Y161.916 E1394.19322
G0 F7200 X129.978 Y161.916
G1 F2400 X137.423 Y154.471 E1394.54341
G0 F7200 X137.423 Y155.037
G1 F2400 X130.543 Y161.916 E1394.867
G0 F7200 X131.109 Y161.916
G1 F2400 X137.423 Y155.602 E1395.16399
G0 F7200 X137.423 Y156.168
G1 F2400 X131.675 Y161.916 E1395.43436
G0 F7200 X132.24 Y161.916
G1 F2400 X137.423 Y156.734 E1395.67813
G0 F7200 X137.452 Y157.27
G1 F2400 X132.806 Y161.916 E1395.89666
G0 F7200 X133.372 Y161.916
G1 F2400 X137.584 Y157.704 E1396.09478
G0 F7200 X137.825 Y158.028
G1 F2400 X133.937 Y161.916 E1396.27766
G0 F7200 X134.503 Y161.916
G1 F2400 X138.122 Y158.297 E1396.44789
G0 F7200 X138.497 Y158.487
G1 F2400 X135.069 Y161.916 E1396.60916
G0 F7200 X135.634 Y161.916
G1 F2400 X138.973 Y158.577 E1396.76621
G0 F7200 X139.539 Y158.577
G1 F2400 X136.2 Y161.916 E1396.92327
G0 F7200 X136.766 Y161.916
G1 F2400 X140.105 Y158.577 E1397.08032
G0 F7200 X140.67 Y158.577
G1 F2400 X137.331 Y161.916 E1397.23738
G0 F7200 X137.897 Y161.916
G1 F2400 X141.236 Y158.577 E1397.39444
G0 F7200 X141.802 Y158.577
G1 F2400 X138.463 Y161.916 E1397.55149
G0 F7200 X139.029 Y161.916
G1 F2400 X142.367 Y158.577 E1397.70853
G0 F7200 X142.933 Y158.577
G1 F2400 X139.594 Y161.916 E1397.86558
G0 F7200 X140.16 Y161.916
G1 F2400 X143.499 Y158.577 E1398.02264
G0 F7200 X144.065 Y158.577
G1 F2400 X140.726 Y161.916 E1398.1797
G0 F7200 X141.291 Y161.916
G1 F2400 X144.63 Y158.577 E1398.33675
G0 F7200 X145.195 Y158.578
G1 F2400 X141.857 Y161.916 E1398.49376
G0 F7200 X142.423 Y161.916
G1 F2400 X145.761 Y158.578 E1398.65077
G0 F7200 X146.327 Y158.578
G1 F2400 X142.988 Y161.916 E1398.8078
G0 F7200 X143.554 Y161.916
G1 F2400 X146.892 Y158.578 E1398.96481
G0 F7200 X147.458 Y158.578
G1 F2400 X144.12 Y161.916 E1399.12182
G0 F7200 X144.685 Y161.916
G1 F2400 X148.024 Y158.578 E1399.27885
G0 F7200 X148.589 Y158.578
G1 F2400 X145.251 Y161.916 E1399.43586
G0 F7200 X145.817 Y161.916
G1 F2400 X149.155 Y158.578 E1399.59287
G0 F7200 X149.721 Y158.578
G1 F2400 X146.382 Y161.916 E1399.74991
G0 F7200 X146.948 Y161.916
G1 F2400 X150.286 Y158.578 E1399.90692
G0 F7200 X150.852 Y158.578
G1 F2400 X147.514 Y161.916 E1400.06392
G0 F7200 X148.079 Y161.916
G1 F2400 X151.417 Y158.579 E1400.22091
G0 F7200 X151.983 Y158.579
G1 F2400 X148.645 Y161.916 E1400.3779
G0 F7200 X149.211 Y161.916
G1 F2400 X152.548 Y158.579 E1400.53486
G0 F7200 X153.114 Y158.579
G1 F2400 X149.777 Y161.916 E1400.69182
G0 F7200 X150.342 Y161.916
G1 F2400 X153.68 Y158.579 E1400.84881
G0 F7200 X154.245 Y158.579
G1 F2400 X150.908 Y161.916 E1401.00577
G0 F7200 X151.474 Y161.916
G1 F2400 X154.811 Y158.579 E1401.16273
G0 F7200 X155.377 Y158.579
G1 F2400 X152.039 Y161.916 E1401.31972
G0 F7200 X152.605 Y161.916
G1 F2400 X155.943 Y158.579 E1401.4767
G0 F7200 X156.508 Y158.579
G1 F2400 X153.171 Y161.916 E1401.63366
G0 F7200 X153.736 Y161.916
G1 F2400 X157.073 Y158.579 E1401.79063
G0 F7200 X157.639 Y158.579
G1 F2400 X154.302 Y161.916 E1401.94759
G0 F7200 X154.868 Y161.916
G1 F2400 X158.205 Y158.579 E1402.10455
G0 F7200 X158.77 Y158.579
G1 F2400 X155.433 Y161.916 E1402.26151
G0 F7200 X155.999 Y161.916
G1 F2400 X159.336 Y158.579 E1402.41848
G0 F7200 X159.902 Y158.579
G1 F2400 X156.565 Y161.916 E1402.57544
G0 F7200 X157.13 Y161.916
G1 F2400 X160.467 Y158.579 E1402.7324
G0 F7200 X161.033 Y158.579
G1 F2400 X157.696 Y161.916 E1402.88936
G0 F7200 X158.262 Y161.916
G1 F2400 X161.599 Y158.579 E1403.04632
G0 F7200 X162.164 Y158.579
G1 F2400 X158.827 Y161.916 E1403.20329
G0 F7200 X159.393 Y161.916
G1 F2400 X162.73 Y158.579 E1403.36025
G0 F7200 X163.335 Y158.54
G1 F2400 X159.959 Y161.916 E1403.51905
G1 X159.889 Y161.986
G1 F1500 E1397.01905
G1 F600 Z2.1
G0 F7200 X141.631 Y140.08 Z2.1
G1 F600 Z2
G1 F1500 E1403.51905
G1 F2400 X119.795 Y161.916 E1404.54614
G0 F7200 X119.23 Y161.916
G1 F2400 X141.066 Y140.08 E1405.57324
G0 F7200 X140.5 Y140.08
G1 F2400 X118.664 Y161.916 E1406.60034
G0 F7200 X118.098 Y161.916
G1 F2400 X139.934 Y140.08 E1407.62744
G0 F7200 X139.369 Y140.08
G1 F2400 X117.532 Y161.916 E1408.65456
G0 F7200 X116.967 Y161.916
G1 F2400 X138.803 Y140.08 E1409.68166
G0 F7200 X138.237 Y140.08
G1 F2400 X116.401 Y161.916 E1410.70876
G0 F7200 X115.835 Y161.916
G1 F2400 X137.672 Y140.08 E1411.73588
G0 F7200 X137.106 Y140.08
G1 F2400 X115.27 Y161.916 E1412.76298
G0 F7200 X115.08 Y161.54
G1 F2400 X136.54 Y140.08 E1413.77239
G0 F7200 X135.975 Y140.08
G1 F2400 X115.08 Y160.974 E1414.75521
G0 F7200 X115.08 Y160.409
G1 F2400 X135.409 Y140.08 E1415.71142
G0 F7200 X134.843 Y140.08
G1 F2400 X115.08 Y159.843 E1416.64101
G0 F7200 X115.08 Y159.277
G1 F2400 X134.277 Y140.08 E1417.54398
G0 F7200 X133.712 Y140.08
G1 F2400 X115.08 Y158.712 E1418.42037
G0 F7200 X115.08 Y158.146
G1 F2400 X133.146 Y140.08 E1419.27014
G0 F7200 X132.58 Y140.08
G1 F2400 X115.08 Y157.58 E1420.09329
G0 F7200 X115.08 Y157.014
G1 F2400 X132.015 Y140.08 E1420.88983
G0 F7200 X131.449 Y140.08
G1 F2400 X115.08 Y156.449 E1421.65978
G0 F7200 X115.08 Y155.883
G1 F2400 X130.883 Y140.08 E1422.4031
G0 F7200 X130.318 Y140.08
G1 F2400 X115.08 Y155.317 E1423.11983
G0 F7200 X115.08 Y154.752
G1 F2400 X129.752 Y140.08 E1423.80996
G0 F7200 X129.186 Y140.08
G1 F2400 X115.08 Y154.186 E1424.47346
G0 F7200 X115.08 Y153.62
G1 F2400 X128.621 Y140.08 E1425.11036
G0 F7200 X128.055 Y140.08
G1 F2400 X115.08 Y153.055 E1425.72067
G0 F7200 X115.08 Y152.489
G1 F2400 X127.489 Y140.08 E1426.30435
G0 F7200 X126.924 Y140.08
G1 F2400 X115.08 Y151.923 E1426.86143
G0 F7200 X115.08 Y151.358
G1 F2400 X126.358 Y140.08 E1427.39191
G0 F7200 X125.792 Y140.08
G1 F2400 X115.08 Y150.792 E1427.89577
G0 F7200 X115.08 Y150.226
G1 F2400 X125.226 Y140.08 E1428.37301
G0 F7200 X124.661 Y140.08
G1 F2400 X115.08 Y149.661 E1428.82367
G0 F7200 X115.08 Y149.095
G1 F2400 X124.095 Y140.08 E1429.24771
G0 F7200 X123.529 Y140.08
G1 F2400 X115.08 Y148.529 E1429.64512
G0 F7200 X115.08 Y147.964
G1 F2400 X122.964 Y140.08 E1430.01596
G0 F7200 X122.398 Y140.08
G1 F2400 X115.08 Y147.398 E1430.36018
G0 F7200 X115.08 Y146.832
G1 F2400 X121.832 Y140.08 E1430.67777
G0 F7200 X121.267 Y140.08
G1 F2400 X115.08 Y146.266 E1430.96877
G0 F7200 X115.08 Y145.701
G1 F2400 X120.701 Y140.08 E1431.23316
G0 F7200 X120.135 Y140.08
G1 F2400 X115.08 Y145.135 E1431.47093
G0 F7200 X115.08 Y144.569
G1 F2400 X119.57 Y140.08 E1431.6821
G0 F7200 X119.004 Y140.08
G1 F2400 X115.08 Y144.004 E1431.86668
G0 F7200 X115.08 Y143.438
G1 F2400 X118.438 Y140.08 E1432.02463
G0 F7200 X117.873 Y140.08
G1 F2400 X115.08 Y142.872 E1432.15598
G0 F7200 X115.08 Y142.307
G1 F2400 X117.307 Y140.08 E1432.26073
G0 F7200 X116.741 Y140.08
G1 F2400 X115.08 Y141.741 E1432.33886
G0 F7200 X115.08 Y141.175
G1 F2400 X116.176 Y140.08 E1432.39039
G0 F7200 X115.61 Y140.08
G1 F2400 X115.08 Y140.61 E1432.41532
;TIME_ELAPSED:1436.879069
G1 F1500 E1425.91532
M140 S0
M107
M104 S0
M140 S0
;Retract the filament
G92 E1
G1 E-1 F300
G28 X0 Y0
M84
M355 S0; led off
M82 ;absolute extrusion mode
M104 S0
;End of Gcode
